METIER,INDIVIDUEL,LIBRE,ROUTINIER,TERRAIN,DIPLOME,SALAIRE,DEMANDE,PENEBILITE,QUALITE1,QUALITE2,QUALITE3,DESCRIPTION_METIER,EXPLICATION_INDIVIDUEL,EXPLICATION_LIBRE,EXPLICATION_ROUTINIER,EXPLICATION_TERRAIN,EXPLICATION_DIPLOME,EXPLICATION_SALAIRE,EXPLICATION_DEMANDE,EXPLICATION_PENEBILITE,SLUG,IMAGE,YOUTUBE1,YOUTUBE2,PROMPT_IMAGE,DESCRIPTION_MINI,URL_FICHE,URL_IMAGE
Ingénieur·e recherche et développement,5,3,8,7,Bac+5,5,4,Faible,Analyse,Persévérance,Curiosité,"Concevoir les solutions de demain, c'est mon quotidien. Je ne travaille pas forcément sur un produit fini, mais sur les briques qui le rendent possible. Je teste, j'analyse, j'améliore en boucle. Je collabore avec des équipes variées pour transformer une hypothèse en solution concrète et industrialisable. Si tu aimes comprendre comment les choses fonctionnent — et les rendre meilleures — ce métier est fait pour toi.","Je travaille souvent seul·e sur mes recherches, mais je collabore aussi beaucoup avec d'autres ingénieur·es et équipes.",J'ai une grande liberté dans ma façon d'organiser mon travail et mes expérimentations — peu de procédures rigides.,"Chaque projet m'amène à explorer de nouveaux territoires : nouveaux matériaux, nouvelles techniques, nouvelles questions.","Je travaille surtout sur ordinateur et en laboratoire, avec moins de présence sur le terrain industriel.","Un master ou diplôme d'ingénieur·e est requis. Le chemin est long, mais les débouchés et la reconnaissance sont au rendez-vous.","L'un des métiers les mieux rémunérés de l'industrie, dès l'entrée en poste. Le niveau d'études est compensé rapidement.",Les entreprises industrielles des Hauts-de-France recrutent activement des profils R&D pour innover et rester compétitives.,"Travail en bureau ou laboratoire, horaires classiques. Le principal défi est intellectuel, pas physique.",ingenieur-rd,ingenieur-rd.png,https://www.youtube.com/watch?v=h6lWA67vtGw,https://www.youtube.com/watch?v=-R6ni-Dw328,,Je conçois et teste de nouveaux produits ou technologies avant leur fabrication industrielle.,https://electromobvalleedelabatterie.github.io/qui-est-qui-metiers/metier.html?slug=ingenieur-rd,https://electromobvalleedelabatterie.github.io/qui-est-qui-metiers/assets/metiers/ingenieur-rd.png
Chef·fe d’équipe production,9,7,5,2,Bac+2/3,3,4,Assez forte,Initiative,Diplomatie,Réactivité,"Je suis le chef d'orchestre de la ligne de fabrication. J'organise le travail de mon équipe, je veille au respect des délais, de la qualité et de la sécurité. Quand un problème surgit, c'est moi qui réagis en premier. Je motive, je transmets, je décide. Ce métier demande autant de rigueur que d'intelligence relationnelle — et chaque journée ressemble rarement à la précédente.","Mon rôle est entièrement tourné vers le collectif : animer, coordonner, motiver mon équipe est au cœur de mon quotidien.","Je suis garant·e de procédures et de standards, mais je dois aussi m'adapter en permanence aux aléas de la production.","Les défis changent chaque jour, mais le cadre global — les objectifs, les process — reste stable.","Je suis sur le terrain, au plus près des machines et de mon équipe, rarement derrière un écran.","Un BTS ou BUT suffit pour débuter, souvent complété par une évolution interne. L'expérience terrain compte autant que le diplôme.","Une rémunération correcte, avec des primes fréquentes liées à la performance de l'équipe. Des perspectives d'évolution existent.",Les lignes de production ont toujours besoin d'encadrant·es de proximité. Les offres sont nombreuses dans la région.,"Travail posté (2x8, 3x8 ou 5x8) fréquents, responsabilité de l'équipe, gestion des imprévus et des tensions. Un métier exigeant au quotidien.",chef-equipe,chef-equipe.png,https://www.youtube.com/watch?v=bEICz23Zkdo,https://www.youtube.com/watch?v=KczsmNTs3l4,,J'encadre une équipe et veille au bon déroulement de la production.,https://electromobvalleedelabatterie.github.io/qui-est-qui-metiers/metier.html?slug=chef-equipe,https://electromobvalleedelabatterie.github.io/qui-est-qui-metiers/assets/metiers/chef-equipe.png
Conducteur·rice de ligne,5,9,3,1,Bac Pro,2,4,Assez forte,Vigilance,Sens pratique,Rigueur,"Je pilote une ligne de production automatisée, comme un·e pilote surveille son tableau de bord. Je règle les machines, je détecte les anomalies, j'interviens vite quand quelque chose déraille. Mon rôle : garantir que les produits sortent dans les temps, au bon niveau de qualité. Je collabore avec les équipes de maintenance et de qualité pour que la ligne tourne sans accroc.","Je travaille en autonomie sur ma ligne, tout en étant en lien constant avec les équipes maintenance et qualité.",Mon travail suit des procédures précises et des cadences définies — chaque étape est codifiée.,Je maîtrise parfaitement mes machines et mes process. La régularité et la fiabilité sont mes points forts.,"Je suis debout, en mouvement, au pied de ma ligne de production toute la journée.",Un Bac Pro en production industrielle ou maintenance suffit pour accéder au poste. Une formation courte pour un emploi stable.,"Le salaire est modeste en début de carrière, mais des primes d'équipe et d'ancienneté viennent compléter la rémunération.",Les lignes automatisées se multiplient dans les usines des Hauts-de-France — et chacune a besoin d'un·e conducteur·rice qualifié·e.,"Station debout prolongée, environnement parfois bruyant. Il faut aimer le terrain et accepter les horaires décalés (2x8, 3x8 ou 5x8).",conducteur-ligne,conducteur-ligne.png,https://youtu.be/PA9Lt9g6P8A?si=rm6fH9wrHqkbVwz6&t=60,https://www.youtube.com/watch?v=LXaFqwa4xvc,,Je veille au bon fonctionnement d’une ligne de production automatisée.,https://electromobvalleedelabatterie.github.io/qui-est-qui-metiers/metier.html?slug=conducteur-ligne,https://electromobvalleedelabatterie.github.io/qui-est-qui-metiers/assets/metiers/conducteur-ligne.png
Opérateur·rice de production,5,10,2,0,CAP/BEP,1,3,Forte,Fiabilité,Adresse,Précision,"Je suis au cœur de la fabrication. Chaque jour, je travaille directement sur les machines, je contrôle la qualité des pièces, je respecte les consignes de sécurité. Mon geste est précis, mon attention constante. Je ne travaille pas seul·e : l'entraide et la communication avec mes collègues sont essentielles. C'est un métier concret, où ce qu'on produit a une vraie utilité.","Je travaille à mon poste, mais en lien étroit avec mes collègues de ligne pour assurer la continuité de la production.","Chaque geste est défini, chaque étape est standardisée. La précision et la rigueur sont essentielles.",Mes tâches sont répétitives et maîtrisées — c'est cette régularité qui garantit la qualité.,"Je suis en permanence sur le terrain, debout, au cœur de l'atelier de fabrication.",C'est l'un des rares métiers accessibles sans long parcours d'études. Un CAP ou BEP industriel ouvre la porte rapidement.,"Le salaire d'entrée est proche du SMIC, mais des primes d'équipe, d'assiduité ou de production peuvent l'améliorer.","La demande est réelle, mais l'automatisation fait évoluer le métier. Les profils polyvalents et adaptables sont les plus recherchés.","Travail répétitif, station debout, horaires décalés, cadences soutenues. Un métier physiquement et mentalement éprouvant sur la durée.",operateur,operateur.png,https://www.youtube.com/watch?v=ixeAGpv2LXY,,"flat modern vector illustration, educational card game illustration style, same visual style across the whole series, clean minimal shapes, flat shading, soft pastel industrial color palette, friendly character design, simplified shapes, consistent line weight, professional but playful

high quality vector illustration, transparent background, no text, no letters, no numbers, no logo, no brand, no QR code

portrait composition, character and main scene grouped in the upper 65% of the image, lower 35% intentionally left empty and transparent for future text and QR code, centered composition, consistent framing and lighting

single plus-size female factory operator installing the FIRST lithium-ion battery module into a large electric vehicle battery pack housing

the battery pack housing is mostly empty with visible module slots, only one module currently being positioned

large aluminum battery tray almost as wide as the workstation

the operator is guiding one battery module using an overhead lifting assist tool

several battery modules are neatly placed next to the workstation waiting to be installed

wearing industrial uniform, safety gloves and ESD wrist strap

simplified automotive battery pack assembly line in the background with robotic arms and conveyors

strong job-identifying props, uncluttered background",Je réalise les opérations de fabrication ou d’assemblage sur un poste de travail.,https://electromobvalleedelabatterie.github.io/qui-est-qui-metiers/metier.html?slug=operateur,https://electromobvalleedelabatterie.github.io/qui-est-qui-metiers/assets/metiers/operateur.png
Technicien·ne de maintenance,5,5,8,2,Bac+2,3,5,Assez forte,Analyse,Sens pratique,Débrouillardise,"Quand une machine tombe en panne, c'est moi qu'on appelle. Je diagnostique, je répare, je remets en route — le plus vite possible pour ne pas bloquer la production. Mais mon travail, c'est aussi d'anticiper : je fais des contrôles réguliers, je remplace les pièces usées avant qu'elles lâchent. Un bon·ne technicien·ne de maintenance, c'est celui ou celle qu'on ne voit pas... parce que tout fonctionne.","J'interviens souvent seul·e sur les pannes, mais je travaille en étroite collaboration avec les équipes de production.","Je suis à la fois autonome dans mes diagnostics et interventions, et contraint·e par les plannings et des procédures de sécurité strictes.","Chaque panne est un nouveau problème à résoudre — je dois analyser, diagnostiquer et trouver des solutions parfois inédites.","Je suis constamment en mouvement dans l'usine, les mains dans les machines, rarement assis·e.",Un BTS Maintenance industrielle ou équivalent est le sésame. La formation en alternance est particulièrement appréciée des recruteur·euses.,"Un salaire honnête, souvent bonifié par des astreintes ou des primes d'urgence. Le profil est rare et donc bien valorisé.",C'est l'un des métiers en plus forte tension dans l'industrie régionale. Les entreprises peinent à recruter — un atout majeur pour toi.,"Interventions parfois en urgence, astreintes possibles, postures contraignantes. Mais la variété des situations rend le quotidien stimulant.",technicien-maintenance,technicien-maintenance.png,https://www.youtube.com/watch?v=RXnSEk_uDuc,https://www.youtube.com/watch?v=wdmpiAPYt2I,,J'entretiens et répare les machines pour éviter ou résoudre les pannes.,https://electromobvalleedelabatterie.github.io/qui-est-qui-metiers/metier.html?slug=technicien-maintenance,https://electromobvalleedelabatterie.github.io/qui-est-qui-metiers/assets/metiers/technicien-maintenance.png
Technicien·ne qualité,6,8,5,5,Bac+2/3,2.5,4,Moyenne,Vigilance,Diplomatie,Rigueur,"Je suis le garant de la conformité des produits. Je vérifie, je mesure, j'analyse — et si quelque chose ne va pas, je cherche pourquoi et je propose des solutions. Je travaille en lien avec toutes les équipes pour que les erreurs ne se reproduisent pas. Mon objectif : zéro défaut. Pas par perfectionnisme, mais parce que la qualité, c'est ce qui fait la réputation d'une entreprise.","Je travaille en lien avec toutes les équipes de l'entreprise, mais une grande partie de mon travail est individuel (analyses, rapports).",Je suis le ou la gardien·ne des procédures et des normes — mon travail repose sur des méthodes rigoureuses et documentées.,"Je traite des problèmes récurrents, mais chaque non-conformité est aussi une nouvelle enquête à mener.","Je partage mon temps entre le terrain (prélèvements, contrôles) et le bureau (analyses, rapports).",Un BTS ou BUT Qualité est la voie classique. Des licences professionnelles permettent aussi d'accéder au poste avec une spécialisation.,La rémunération est dans la moyenne du secteur industriel. Elle évolue bien avec l'expérience et les certifications obtenues.,La qualité est une priorité pour toutes les industries. Les profils rigoureux et méthodiques sont régulièrement recherchés dans la région.,"Travail partagé entre terrain et bureau, sans pénibilité physique majeure. Le stress vient des délais et des non-conformités à gérer.",technicien-qualite,technicien-qualite.png,https://www.youtube.com/watch?v=ru3Xdc3HClc,https://www.youtube.com/watch?v=doBuoEzv1lk,,J'analyse les défauts et mets en place des actions pour améliorer la qualité des produits et des procédés.,https://electromobvalleedelabatterie.github.io/qui-est-qui-metiers/metier.html?slug=technicien-qualite,https://electromobvalleedelabatterie.github.io/qui-est-qui-metiers/assets/metiers/technicien-qualite.png
Acheteur·euse industriel,7,5,5,9,Bac+5,4,3,Faible,Analyse,Diplomatie,Ténacité,"Je négocie les achats stratégiques de l'entreprise : matières premières, équipements, services. Je sélectionne les fournisseurs, compare les offres, sécurise les délais et optimise les coûts. Mon rôle est clé : si j'achète mal, toute la chaîne de production en souffre. Ce métier mêle analyse, relation commerciale et sens stratégique. Il faut savoir convaincre, anticiper et prendre des décisions sous contrainte.","Je travaille en grande autonomie sur mes dossiers, mais la négociation et la relation fournisseur sont au cœur de mon métier.","J'ai des processus d'achat définis, mais je dois faire preuve d'initiative et de créativité dans mes négociations.","Les marchés évoluent, les fournisseurs changent — mais les fondamentaux du métier restent stables.","Je travaille principalement depuis mon bureau ou en réunion, avec des déplacements occasionnels chez les fournisseurs.","Un master en achats, commerce ou supply chain est attendu. Certaines écoles de commerce proposent des spécialisations dédiées.","Un bon niveau de rémunération, avec souvent une part variable liée aux économies réalisées. Le poste est stratégique et bien reconnu.",La demande est stable mais moins forte que dans les métiers de production. Les profils expérimentés et spécialisés sont privilégiés.,"Travail en bureau, horaires réguliers, déplacements occasionnels. Le stress est lié aux négociations et aux délais, pas aux conditions physiques.",acheteur,acheteur.png,https://www.youtube.com/watch?v=acVhxlMYx8A,https://www.youtube.com/watch?v=ILBAmHY8Vas,,"Je sélectionne et négocie l’achat de matériaux, pièces ou services nécessaires à la production.",https://electromobvalleedelabatterie.github.io/qui-est-qui-metiers/metier.html?slug=acheteur,https://electromobvalleedelabatterie.github.io/qui-est-qui-metiers/assets/metiers/acheteur.png
Responsable logistique,8,7,7,6,Bac+3/5,4,4,Assez forte,Initiative,Organisation,Réactivité,"Je m'assure que les marchandises arrivent au bon endroit, au bon moment, au meilleur coût. J'organise le transport, le stockage, la circulation des flux dans l'entreprise. Je coordonne plusieurs équipes et je pilote des outils informatiques de gestion. La logistique, c'est invisible quand ça marche bien — et c'est tout l'enjeu. Un métier pour les personnes qui aiment organiser, optimiser, et résoudre des problèmes concrets.","Je coordonne de nombreux acteurs : transporteurs, entrepôts, équipes internes — la logistique est un sport collectif.","J'organise la circulation des marchandises avec des outils précis, tout en gardant une vision globale pour m'adapter aux imprévus.",L'optimisation des flux est un défi permanent — les contraintes changent et il faut sans cesse trouver de meilleures solutions.,"Je partage mon temps entre le bureau (tableaux de bord, coordination) et le terrain (entrepôt, expéditions).",Une licence pro ou un master en logistique / supply chain est recommandé. L'alternance est très valorisée dans ce domaine.,"Un salaire attractif, reflet de la responsabilité du poste. La gestion de flux importants est bien rémunérée dans l'industrie.","Les Hauts-de-France, région logistique majeure, recrutent activement. Les entrepôts et plateformes de distribution cherchent des responsables qualifié·es.","Pression sur les délais, gestion des imprévus, amplitude horaire parfois étendue. La responsabilité est forte et le rythme soutenu.",responsable-logistique,responsable-logistique.png,https://www.youtube.com/watch?v=pBidCgubOG8,https://www.youtube.com/watch?v=L0Ck6g3Qn7s,,"J'organise les flux de marchandises (réception, stockage, expédition).",https://electromobvalleedelabatterie.github.io/qui-est-qui-metiers/metier.html?slug=responsable-logistique,https://electromobvalleedelabatterie.github.io/qui-est-qui-metiers/assets/metiers/responsable-logistique.png
Chargé·e de ressources humaines,8,6,6,9,Bac+3/5,3,3,Faible,Écoute,Discrétion,Objectivité,"Mon rôle, c'est de prendre soin des personnes qui font tourner l'entreprise. Je recrute, je forme, j'accompagne les parcours professionnels. Je veille au respect du droit du travail, à la qualité de vie au travail, et je gère les situations délicates avec écoute et discernement. Les RH, c'est un métier de contact, de confiance et de responsabilité — on ne le fait pas si on n'aime pas les gens.",Mon métier est entièrement centré sur les relations humaines : je suis en contact permanent avec les salarié·es et les managers.,"Je m'appuie sur un cadre légal et des procédures RH, tout en adaptant mon approche à chaque situation humaine.","Les enjeux RH évoluent constamment : nouvelles réglementations, nouveaux modes de travail, nouvelles attentes des salarié·es.","Je travaille depuis mon bureau, en réunion ou en entretien — mon espace de travail, c'est le dialogue.","Une licence ou un master en ressources humaines, droit social ou psychologie du travail. Un domaine où la formation continue est aussi très valorisée.",Rémunération dans la moyenne des fonctions support. Elle progresse avec l'expérience et la prise de responsabilités managériales.,"La demande est constante mais le marché est compétitif. Les profils spécialisés (formation, paie, recrutement) tirent mieux leur épingle du jeu.","Travail de bureau, horaires réguliers. La charge émotionnelle peut être importante dans certains cas, mais les conditions physiques sont bonnes.",charge-rh,charge-rh.png,,,,"Je participe au recrutement, à la formation et au suivi des salariés de l’entreprise.",https://electromobvalleedelabatterie.github.io/qui-est-qui-metiers/metier.html?slug=charge-rh,https://electromobvalleedelabatterie.github.io/qui-est-qui-metiers/assets/metiers/charge-rh.png
Chargé·e de communication interne,7,4,7,8,Bac+3/5,2.5,2,Faible,Écoute,Synthèse,Curiosité,"Je crée le lien entre les équipes et la direction. Je rédige, je conçois des supports, j'organise des événements internes. Mon objectif : que chaque personne dans l'entreprise comprenne où elle va et pourquoi. Une bonne communication interne, c'est ce qui soude une équipe et donne du sens au travail. Ce métier demande créativité, sens des mots et bonne compréhension des enjeux humains.","Je crée des contenus souvent seul·e, mais mon travail a pour but de connecter et de fédérer toute l'entreprise.",J'ai une grande liberté créative dans la conception de mes supports et de mes événements.,"La communication interne est en perpétuelle évolution : nouveaux formats, nouvelles thématiques, nouveaux enjeux à valoriser.","Je travaille depuis mon bureau, sur écran, avec des sorties terrain pour les événements ou les reportages internes.","Un bachelor ou master en communication, info-com ou journalisme. La maîtrise des outils digitaux et créatifs est aussi déterminante.",Un salaire plutôt modeste pour le niveau de formation requis. Mais le métier offre de vraies perspectives dans de grandes entreprises.,Les postes dédiés à la communication interne restent rares dans les PME industrielles. Les opportunités se trouvent surtout dans les grands groupes.,Horaires assez réguliers. Le stress est lié aux délais de production de contenus.,charge-communication,charge-communication.png,https://www.youtube.com/watch?v=-wOrKpGwskE,https://www.youtube.com/watch?v=C-hZ0iOUjIc,,Je diffuse l’information et organise des événements pour les salariés.,https://electromobvalleedelabatterie.github.io/qui-est-qui-metiers/metier.html?slug=charge-communication,https://electromobvalleedelabatterie.github.io/qui-est-qui-metiers/assets/metiers/charge-communication.png
Technicien·ne Hygiéne Sécurité Environnement,6,8,5,4,Bac+2/3,2.5,4,Moyenne,Vigilance,Pédagogie,Rigueur,"Hygiène, Sécurité, Environnement — c'est ma responsabilité. J'identifie les risques dans l'entreprise, je forme les équipes aux bonnes pratiques, je m'assure que la réglementation est respectée. Mon but : que personne ne rentre chez soi blessé, et que l'entreprise limite son impact environnemental. Un métier de terrain, de pédagogie et de conviction, au croisement du technique et de l'humain.","J'interviens auprès de toutes les équipes pour former et sensibiliser, mais je mène aussi des analyses en autonomie.",Mon travail s'appuie sur des règles et lois strictes et des procédures précises — la conformité est non négociable.,"La réglementation évolue et les risques changent, mais les fondamentaux de la prévention restent constants.","Je suis régulièrement sur le terrain pour identifier les risques, avec une partie de mon temps consacrée aux rapports et à la veille réglementaire.",Un BTS HSE ou une licence pro en sécurité industrielle ouvre les portes du métier. L'alternance est très bien vue par les recruteur·euses.,"Rémunération correcte pour le niveau Bac+2/3, avec une progression liée à l'expérience et aux certifications obtenues.",Les exigences réglementaires croissantes poussent toutes les industries à recruter des profils HSE. La demande est forte et régulière dans la région.,"Travail mixte bureau/terrain, pas de pénibilité physique directe. La charge vient de la veille réglementaire et de la gestion des incidents.",technicien-hse,technicien-hse.png,,,"flat modern vector illustration, educational card game illustration style, same visual style across the whole series, clean minimal shapes, soft pastel industrial color palette, friendly character design, subtle shading, simplified gigafactory and electric vehicle battery industry environment, professional but playful, high quality vector illustration, transparent background, no text, no letters, no numbers, no logo, no QR code, portrait composition, character and main scene grouped in the upper 65% of the image, lower 35% intentionally left empty and transparent for future text and QR code, centered composition, consistent framing, consistent lighting, consistent line weight, consistent color palette, single character clearly readable, strong job-identifying props, uncluttered background, male HSE technician wearing helmet and safety vest inspecting a battery storage or production area with checklist, thermal safety equipment and hazard control context",Je mets en place et contrôle les règles de sécurité et de protection de l’environnement.,https://electromobvalleedelabatterie.github.io/qui-est-qui-metiers/metier.html?slug=technicien-hse,https://electromobvalleedelabatterie.github.io/qui-est-qui-metiers/assets/metiers/technicien-hse.png
Technicien·ne logistique,5,8,4,3,Bac+2,2,4,Moyenne,Fiabilité,Organisation,Rigueur,"Je gère les flux de marchandises au quotidien : réception, préparation, expédition. J'utilise des outils informatiques pour suivre les stocks, je coordonne les mouvements et j'appuie les équipes de transport. Mon objectif : que rien ne manque, que rien ne traîne. C'est un métier rythmé, concret, où l'organisation et la réactivité font toute la différence.","Je travaille en coordination avec les équipes de réception, d'expédition et de transport, tout en gérant mon propre périmètre.","Mes tâches suivent des procédures bien définies : chaque flux est tracé, chaque mouvement est codifié.","Mon quotidien est rythmé et prévisible, même si des imprévus (retards, erreurs) viennent régulièrement pimenter la journée.","Je suis principalement en entrepôt, en mouvement entre les rayonnages, les quais et les zones de stockage.",Un BTS en logistique ou gestion des transports suffit pour débuter. Le CACES (conduite d'engins) est souvent un plus apprécié.,"Salaire d'entrée modeste, mais le métier offre de bonnes perspectives d'évolution vers des postes de responsable logistique.",La région est un hub logistique national. Les offres sont nombreuses et le profil Bac+2 logistique est très demandé sur le marché local.,"Travail en entrepôt avec port de charges possibles, mais moins physique que cariste ou opérateur·rice. Les horaires décalés restent fréquents.",technicien-logistique,technicien-logistique.png,,https://www.youtube.com/watch?v=ZV93MigCUf8,,"Je gère les stocks, prépare les commandes et organise les flux de produits.",https://electromobvalleedelabatterie.github.io/qui-est-qui-metiers/metier.html?slug=technicien-logistique,https://electromobvalleedelabatterie.github.io/qui-est-qui-metiers/assets/metiers/technicien-logistique.png
Data analyst industriel,4,6,7,10,Bac+5,5,4,Faible,Analyse,Patience,Précision,"Je transforme des données brutes en informations utiles pour l'entreprise. Capteurs, machines, lignes de production — tout génère des données que j'analyse pour comprendre ce qui se passe vraiment. Je détecte des anomalies, j'anticipe des pannes, j'aide à prendre de meilleures décisions. Ce métier est à la frontière de l'industrie et du numérique — idéal si tu aimes les chiffres et les défis concrets.","Je travaille souvent en autonomie sur mes analyses, mais je collabore avec les équipes pour comprendre leurs besoins et restituer mes résultats.","Je suis une méthode d'analyse rigoureuse, mais je dois faire preuve de créativité pour trouver les bonnes questions à poser aux données.",Les données industrielles sont en constante évolution — chaque nouveau jeu de données est une nouvelle énigme à résoudre.,"Je travaille exclusivement sur écran, plongé·e dans les données, les modèles et les visualisations.","Un master en data science, statistiques ou informatique industrielle. Les doubles compétences data + industrie sont particulièrement recherchées.",Parmi les meilleures rémunérations de l'industrie. La rareté des profils et la valeur ajoutée créée expliquent ce niveau de salaire.,"L'industrie 4.0 crée une demande forte pour les expert·es de la donnée. Les Hauts-de-France, région industrielle, suivent cette tendance.","Exclusivement en bureau, sur écran. Aucune pénibilité physique. Le défi est intellectuel : transformer des données complexes en décisions utiles.",data-analyst,data-analyst.png,,,"flat modern vector illustration, educational card game illustration style, same visual style across the whole series, clean minimal shapes, soft pastel industrial color palette, friendly character design, subtle shading, simplified gigafactory and electric vehicle battery industry environment, professional but playful, high quality vector illustration, transparent background, no text, no letters, no numbers, no logo, no QR code, portrait composition, character and main scene grouped in the upper 65% of the image, lower 35% intentionally left empty and transparent for future text and QR code, centered composition, consistent framing, consistent lighting, consistent line weight, consistent color palette, single character clearly readable, strong job-identifying props, uncluttered background.

androgynous non-binary internal communication specialist preparing a staff announcement about factory life, safety or production updates on a laptop, visual communication posture, clearly androgynous face, neutral jawline, soft facial features, short neutral haircut, no makeup, neutral clothing style (not masculine, not feminine), slim or medium build, gender-neutral appearance, working at a desk with laptop and communication notes, simplified factory environment visible in the background.",J'analyse les données de production pour améliorer les performances de l’usine.,https://electromobvalleedelabatterie.github.io/qui-est-qui-metiers/metier.html?slug=data-analyst,https://electromobvalleedelabatterie.github.io/qui-est-qui-metiers/assets/metiers/data-analyst.png
Cariste,2,9,2,0,CACES,1,3,Forte,Vigilance,Réflexes,Rigueur,"Je conduis des chariots élévateurs pour déplacer, stocker et approvisionner les lignes de production. Je travaille dans l'entrepôt, je respecte des règles strictes de sécurité et j'assure la fluidité des flux. Mon rôle est essentiel : sans moi, les lignes s'arrêtent. C'est un métier de précision, de rigueur et de responsabilité, dans un environnement dynamique où chaque geste compte.","Je travaille souvent seul·e sur mon chariot, même si je reste en lien avec les équipes logistiques.","Mes déplacements, mes vitesses et mes gestes suivent des règles de sécurité strictes et non négociables.",Mon travail est régulier et maîtrisé — la constance et la fiabilité sont les clés de l'efficacité.,"Je suis en permanence en mouvement dans l'entrepôt, au volant de mon chariot élévateur.",Le CACES (Certificat d'Aptitude à la Conduite En Sécurité) est la certification clé. Elle s'obtient en quelques jours de formation.,"Le salaire est proche du SMIC, avec des primes possibles selon les entreprises. L'évolution vers technicien·ne logistique est un tremplin fréquent.",La demande est réelle mais l'automatisation des entrepôts commence à modifier les besoins. Les profils polyvalents restent appréciés.,"Travail physique, bruit, vibrations, horaires décalés et risques liés à la conduite d'engins. Un métier exigeant qui demande rigueur et vigilance constante.",cariste,cariste.png,https://www.youtube.com/watch?v=VLx8qyqcciM,https://www.youtube.com/watch?v=-IHq05kOcfM,"flat modern vector illustration, educational card game illustration style, same visual style across the whole series, clean minimal shapes, soft pastel industrial color palette, friendly character design, subtle shading, simplified gigafactory and electric vehicle battery industry environment, professional but playful, high quality vector illustration, transparent background, no text, no letters, no numbers, no logo, no QR code, portrait composition, character and main scene grouped in the upper 65% of the image, lower 35% intentionally left empty and transparent for future text and QR code, centered composition, consistent framing, consistent lighting, consistent line weight, consistent color palette, single character clearly readable, strong job-identifying props, uncluttered background, female forklift driver with piercings, pink hair transporting big bag pallets inside an industrial warehouse",Je déplace et stocke les marchandises à l’aide d’un chariot élévateur.,https://electromobvalleedelabatterie.github.io/qui-est-qui-metiers/metier.html?slug=cariste,https://electromobvalleedelabatterie.github.io/qui-est-qui-metiers/assets/metiers/cariste.png
Administrateur·rice systèmes et réseaux,4,7,7,9,Bac+2/3,4,4,Faible,Analyse,Patience,Rigueur,"Je maintiens en vie l'infrastructure numérique de l'entreprise : serveurs, réseaux, outils informatiques. Je configure, je sécurise, je résous les problèmes techniques. Quand ça plante, je suis là. Quand ça tourne bien, c'est grâce à moi. Ce métier demande rigueur, curiosité technique et sang-froid. Il est discret mais stratégique : aujourd'hui, une entreprise sans informatique fiable, c'est une entreprise à l'arrêt.","Je travaille souvent seul·e sur les infrastructures, mais je suis l'appui technique de toute l'entreprise.",Je suis garant·e de la stabilité et de la sécurité des systèmes — mes interventions suivent des procédures précises.,La cybersécurité et les technologies évoluent vite : je dois sans cesse me former et m'adapter aux nouvelles menaces.,"Je travaille principalement depuis mon bureau ou la salle serveurs, avec des interventions ponctuelles sur site.","Un BTS SIO ou une licence pro en informatique est la voie classique. Les certifications professionnelles (Cisco, Microsoft...) sont très valorisées.",Un bon niveau de salaire pour un Bac+2/3. La rareté des profils et la criticité du poste expliquent cette rémunération attractive.,"Toutes les entreprises dépendent de leur informatique. Les profils systèmes et réseaux sont recrutés dans tous les secteurs, industrie comprise.","Travail en bureau ou salle serveurs, conditions confortables. Des astreintes ponctuelles sont possibles en cas de panne critique.",administrateur-systemes,administrateur-systemes.png,,https://www.youtube.com/watch?v=As-9mzySN_o,,"J'installe, sécurise et maintient les systèmes informatiques et réseaux de l’entreprise.",https://electromobvalleedelabatterie.github.io/qui-est-qui-metiers/metier.html?slug=administrateur-systemes,https://electromobvalleedelabatterie.github.io/qui-est-qui-metiers/assets/metiers/administrateur-systemes.png
Ingénieur·e de production,8,7,7,4,Bac+5,5,4,Moyenne,Analyse,Organisation,Décision,"J'analyse les processus de fabrication pour les rendre plus efficaces, plus rapides, moins coûteux. Je collabore avec les opérateur·rices, les technicien·nes et les chef·fes d'équipe pour trouver des solutions concrètes. Je mesure, je teste, je propose. C'est un métier qui demande à la fois des compétences techniques solides et une vraie capacité à travailler avec les autres.","Je travaille en permanence avec les opérateur·rices, les technicien·nes et les chef·fes d'équipe pour améliorer les process.","Je m'appuie sur des méthodes d'amélioration continue structurées, tout en gardant une approche créative pour résoudre les problèmes.","Je travaille souvent sur les mêmes lignes de production, mais j'améliore régulièrement les méthodes et les performances.","Je partage mon temps entre le bureau (analyses, plans d'action) et le terrain (observations, tests).","Un diplôme d'ingénieur·e en génie industriel, mécanique ou généraliste. L'alternance en école d'ingénieur·e est une voie très appréciée.","Excellent niveau de rémunération, cohérent avec le niveau d'études et la valeur stratégique du poste pour l'entreprise.",L'amélioration continue est une priorité pour l'industrie. Les ingénieur·es de production sont activement recherché·es dans les Hauts-de-France.,"Travail mixte bureau/terrain, sans pénibilité physique majeure. La pression vient des objectifs de performance et des délais d'amélioration.",ingenieur-production,ingenieur-production.png,https://www.youtube.com/watch?v=8HlmZkJX_UQ,,,J'optimise les procédés et l’organisation pour améliorer la production industrielle.,https://electromobvalleedelabatterie.github.io/qui-est-qui-metiers/metier.html?slug=ingenieur-production,https://electromobvalleedelabatterie.github.io/qui-est-qui-metiers/assets/metiers/ingenieur-production.png
,,,,,,,,,,,,,,,,,,,,,,,,,,,,
,,,,,,,,,,,,,,,,,,,,,,,,,,,,
,,,,,,,,,,,,,,,,,,,,,,,,,,,,
,,,,,,,,,,,,,,,,,,,,,,,,,,,,
,,,,,,,,,,,,,,,,,,,,,,,,,,,,
,,,,,,,,,,,,,,,,,,,,,,,,,,,,
,,,,,,,,,,,,,,,,,,,,,,,,,,,,
,,,,,,,,,,,,,,,,,,,,,,,,,,,,
,,,,,,,,,,,,,,,,,,,,,,,,,,,,
,,,,,,,,,,,,,,,,,,,,,,,,,,,,
,,,,,,,,,,,,,,,,,,,,,,,,,,,,
,,,,,,,,,,,,,,,,,,,,,,,,,,,,
,,,,,,,,,,,,,,,,,,,,,,,,,,,,
,,,,,,,,,,,,,,,,,,,,,,,,,,,,
,,,,,,,,,,,,,,,,,,,,,,,,,,,,
,,,,,,,,,,,,,,,,,,,,,,,,,,,,
,,,,,,,,,,,,,,,,,,,,,,,,,,,,
,,,,,,,,,,,,,,,,,,,,,,,,,,,,
,,,,,,,,,,,,,,,,,,,,,,,,,,,,
,,,,,,,,,,,,,,,,,,,,,,,,,,,,
,,,,,,,,,,,,,,,,,,,,,,,,,,,,
,,,,,,,,,,,,,,,,,,,,,,,,,,,,
,,,,,,,,,,,,,,,,,,,,,,,,,,,,
,,,,,,,,,,,,,,,,,,,,,,,,,,,,
,,,,,,,,,,,,,,,,,,,,,,,,,,,,
,,,,,,,,,,,,,,,,,,,,,,,,,,,,
,,,,,,,,,,,,,,,,,,,,,,,,,,,,
,,,,,,,,,,,,,,,,,,,,,,,,,,,,
,,,,,,,,,,,,,,,,,,,,,,,,,,,,
,,,,,,,,,,,,,,,,,,,,,,,,,,,,
,,,,,,,,,,,,,,,,,,,,,,,,,,,,
,,,,,,,,,,,,,,,,,,,,,,,,,,,,
,,,,,,,,,,,,,,,,,,,,,,,,,,,,
,,,,,,,,,,,,,,,,,,,,,,,,,,,,
,,,,,,,,,,,,,,,,,,,,,,,,,,,,
,,,,,,,,,,,,,,,,,,,,,,,,,,,,
,,,,,,,,,,,,,,,,,,,,,,,,,,,,
,,,,,,,,,,,,,,,,,,,,,,,,,,,,
,,,,,,,,,,,,,,,,,,,,,,,,,,,,
,,,,,,,,,,,,,,,,,,,,,,,,,,,,
,,,,,,,,,,,,,,,,,,,,,,,,,,,,
,,,,,,,,,,,,,,,,,,,,,,,,,,,,
,,,,,,,,,,,,,,,,,,,,,,,,,,,,
,,,,,,,,,,,,,,,,,,,,,,,,,,,,
,,,,,,,,,,,,,,,,,,,,,,,,,,,,
,,,,,,,,,,,,,,,,,,,,,,,,,,,,
,,,,,,,,,,,,,,,,,,,,,,,,,,,,
,,,,,,,,,,,,,,,,,,,,,,,,,,,,
,,,,,,,,,,,,,,,,,,,,,,,,,,,,
,,,,,,,,,,,,,,,,,,,,,,,,,,,,
,,,,,,,,,,,,,,,,,,,,,,,,,,,,
,,,,,,,,,,,,,,,,,,,,,,,,,,,,
,,,,,,,,,,,,,,,,,,,,,,,,,,,,
,,,,,,,,,,,,,,,,,,,,,,,,,,,,
,,,,,,,,,,,,,,,,,,,,,,,,,,,,
,,,,,,,,,,,,,,,,,,,,,,,,,,,,
,,,,,,,,,,,,,,,,,,,,,,,,,,,,
,,,,,,,,,,,,,,,,,,,,,,,,,,,,
,,,,,,,,,,,,,,,,,,,,,,,,,,,,
,,,,,,,,,,,,,,,,,,,,,,,,,,,,
,,,,,,,,,,,,,,,,,,,,,,,,,,,,
,,,,,,,,,,,,,,,,,,,,,,,,,,,,
,,,,,,,,,,,,,,,,,,,,,,,,,,,,
,,,,,,,,,,,,,,,,,,,,,,,,,,,,
,,,,,,,,,,,,,,,,,,,,,,,,,,,,
,,,,,,,,,,,,,,,,,,,,,,,,,,,,
,,,,,,,,,,,,,,,,,,,,,,,,,,,,
,,,,,,,,,,,,,,,,,,,,,,,,,,,,
,,,,,,,,,,,,,,,,,,,,,,,,,,,,
,,,,,,,,,,,,,,,,,,,,,,,,,,,,
,,,,,,,,,,,,,,,,,,,,,,,,,,,,
,,,,,,,,,,,,,,,,,,,,,,,,,,,,
,,,,,,,,,,,,,,,,,,,,,,,,,,,,
,,,,,,,,,,,,,,,,,,,,,,,,,,,,
,,,,,,,,,,,,,,,,,,,,,,,,,,,,
,,,,,,,,,,,,,,,,,,,,,,,,,,,,
,,,,,,,,,,,,,,,,,,,,,,,,,,,,
,,,,,,,,,,,,,,,,,,,,,,,,,,,,
,,,,,,,,,,,,,,,,,,,,,,,,,,,,
,,,,,,,,,,,,,,,,,,,,,,,,,,,,
,,,,,,,,,,,,,,,,,,,,,,,,,,,,
,,,,,,,,,,,,,,,,,,,,,,,,,,,,
,,,,,,,,,,,,,,,,,,,,,,,,,,,,
,,,,,,,,,,,,,,,,,,,,,,,,,,,,
,,,,,,,,,,,,,,,,,,,,,,,,,,,,
,,,,,,,,,,,,,,,,,,,,,,,,,,,,
,,,,,,,,,,,,,,,,,,,,,,,,,,,,
,,,,,,,,,,,,,,,,,,,,,,,,,,,,
,,,,,,,,,,,,,,,,,,,,,,,,,,,,
,,,,,,,,,,,,,,,,,,,,,,,,,,,,
,,,,,,,,,,,,,,,,,,,,,,,,,,,,
,,,,,,,,,,,,,,,,,,,,,,,,,,,,
,,,,,,,,,,,,,,,,,,,,,,,,,,,,
,,,,,,,,,,,,,,,,,,,,,,,,,,,,
,,,,,,,,,,,,,,,,,,,,,,,,,,,,
,,,,,,,,,,,,,,,,,,,,,,,,,,,,
,,,,,,,,,,,,,,,,,,,,,,,,,,,,
,,,,,,,,,,,,,,,,,,,,,,,,,,,,
,,,,,,,,,,,,,,,,,,,,,,,,,,,,
,,,,,,,,,,,,,,,,,,,,,,,,,,,,
,,,,,,,,,,,,,,,,,,,,,,,,,,,,
,,,,,,,,,,,,,,,,,,,,,,,,,,,,
,,,,,,,,,,,,,,,,,,,,,,,,,,,,
,,,,,,,,,,,,,,,,,,,,,,,,,,,,
,,,,,,,,,,,,,,,,,,,,,,,,,,,,
,,,,,,,,,,,,,,,,,,,,,,,,,,,,
,,,,,,,,,,,,,,,,,,,,,,,,,,,,
,,,,,,,,,,,,,,,,,,,,,,,,,,,,
,,,,,,,,,,,,,,,,,,,,,,,,,,,,
,,,,,,,,,,,,,,,,,,,,,,,,,,,,
,,,,,,,,,,,,,,,,,,,,,,,,,,,,
,,,,,,,,,,,,,,,,,,,,,,,,,,,,
,,,,,,,,,,,,,,,,,,,,,,,,,,,,
,,,,,,,,,,,,,,,,,,,,,,,,,,,,
,,,,,,,,,,,,,,,,,,,,,,,,,,,,
,,,,,,,,,,,,,,,,,,,,,,,,,,,,
,,,,,,,,,,,,,,,,,,,,,,,,,,,,
,,,,,,,,,,,,,,,,,,,,,,,,,,,,
,,,,,,,,,,,,,,,,,,,,,,,,,,,,
,,,,,,,,,,,,,,,,,,,,,,,,,,,,
,,,,,,,,,,,,,,,,,,,,,,,,,,,,
,,,,,,,,,,,,,,,,,,,,,,,,,,,,
,,,,,,,,,,,,,,,,,,,,,,,,,,,,
,,,,,,,,,,,,,,,,,,,,,,,,,,,,
,,,,,,,,,,,,,,,,,,,,,,,,,,,,
,,,,,,,,,,,,,,,,,,,,,,,,,,,,
,,,,,,,,,,,,,,,,,,,,,,,,,,,,
,,,,,,,,,,,,,,,,,,,,,,,,,,,,
,,,,,,,,,,,,,,,,,,,,,,,,,,,,
,,,,,,,,,,,,,,,,,,,,,,,,,,,,
,,,,,,,,,,,,,,,,,,,,,,,,,,,,
,,,,,,,,,,,,,,,,,,,,,,,,,,,,
,,,,,,,,,,,,,,,,,,,,,,,,,,,,
,,,,,,,,,,,,,,,,,,,,,,,,,,,,
,,,,,,,,,,,,,,,,,,,,,,,,,,,,
,,,,,,,,,,,,,,,,,,,,,,,,,,,,
,,,,,,,,,,,,,,,,,,,,,,,,,,,,
,,,,,,,,,,,,,,,,,,,,,,,,,,,,
,,,,,,,,,,,,,,,,,,,,,,,,,,,,
,,,,,,,,,,,,,,,,,,,,,,,,,,,,
,,,,,,,,,,,,,,,,,,,,,,,,,,,,
,,,,,,,,,,,,,,,,,,,,,,,,,,,,
,,,,,,,,,,,,,,,,,,,,,,,,,,,,
,,,,,,,,,,,,,,,,,,,,,,,,,,,,
,,,,,,,,,,,,,,,,,,,,,,,,,,,,
,,,,,,,,,,,,,,,,,,,,,,,,,,,,
,,,,,,,,,,,,,,,,,,,,,,,,,,,,
,,,,,,,,,,,,,,,,,,,,,,,,,,,,
,,,,,,,,,,,,,,,,,,,,,,,,,,,,
,,,,,,,,,,,,,,,,,,,,,,,,,,,,
,,,,,,,,,,,,,,,,,,,,,,,,,,,,
,,,,,,,,,,,,,,,,,,,,,,,,,,,,
,,,,,,,,,,,,,,,,,,,,,,,,,,,,
,,,,,,,,,,,,,,,,,,,,,,,,,,,,
,,,,,,,,,,,,,,,,,,,,,,,,,,,,
,,,,,,,,,,,,,,,,,,,,,,,,,,,,
,,,,,,,,,,,,,,,,,,,,,,,,,,,,
,,,,,,,,,,,,,,,,,,,,,,,,,,,,
,,,,,,,,,,,,,,,,,,,,,,,,,,,,
,,,,,,,,,,,,,,,,,,,,,,,,,,,,
,,,,,,,,,,,,,,,,,,,,,,,,,,,,
,,,,,,,,,,,,,,,,,,,,,,,,,,,,
,,,,,,,,,,,,,,,,,,,,,,,,,,,,
,,,,,,,,,,,,,,,,,,,,,,,,,,,,
,,,,,,,,,,,,,,,,,,,,,,,,,,,,
,,,,,,,,,,,,,,,,,,,,,,,,,,,,
,,,,,,,,,,,,,,,,,,,,,,,,,,,,
,,,,,,,,,,,,,,,,,,,,,,,,,,,,
,,,,,,,,,,,,,,,,,,,,,,,,,,,,
,,,,,,,,,,,,,,,,,,,,,,,,,,,,
,,,,,,,,,,,,,,,,,,,,,,,,,,,,
,,,,,,,,,,,,,,,,,,,,,,,,,,,,
,,,,,,,,,,,,,,,,,,,,,,,,,,,,
,,,,,,,,,,,,,,,,,,,,,,,,,,,,
,,,,,,,,,,,,,,,,,,,,,,,,,,,,
,,,,,,,,,,,,,,,,,,,,,,,,,,,,
,,,,,,,,,,,,,,,,,,,,,,,,,,,,
,,,,,,,,,,,,,,,,,,,,,,,,,,,,
,,,,,,,,,,,,,,,,,,,,,,,,,,,,
,,,,,,,,,,,,,,,,,,,,,,,,,,,,
,,,,,,,,,,,,,,,,,,,,,,,,,,,,
,,,,,,,,,,,,,,,,,,,,,,,,,,,,
,,,,,,,,,,,,,,,,,,,,,,,,,,,,
,,,,,,,,,,,,,,,,,,,,,,,,,,,,
,,,,,,,,,,,,,,,,,,,,,,,,,,,,
,,,,,,,,,,,,,,,,,,,,,,,,,,,,
,,,,,,,,,,,,,,,,,,,,,,,,,,,,
,,,,,,,,,,,,,,,,,,,,,,,,,,,,
,,,,,,,,,,,,,,,,,,,,,,,,,,,,
,,,,,,,,,,,,,,,,,,,,,,,,,,,,
,,,,,,,,,,,,,,,,,,,,,,,,,,,,
,,,,,,,,,,,,,,,,,,,,,,,,,,,,
,,,,,,,,,,,,,,,,,,,,,,,,,,,,
,,,,,,,,,,,,,,,,,,,,,,,,,,,,
,,,,,,,,,,,,,,,,,,,,,,,,,,,,
,,,,,,,,,,,,,,,,,,,,,,,,,,,,
,,,,,,,,,,,,,,,,,,,,,,,,,,,,
,,,,,,,,,,,,,,,,,,,,,,,,,,,,
,,,,,,,,,,,,,,,,,,,,,,,,,,,,
,,,,,,,,,,,,,,,,,,,,,,,,,,,,
,,,,,,,,,,,,,,,,,,,,,,,,,,,,
,,,,,,,,,,,,,,,,,,,,,,,,,,,,
,,,,,,,,,,,,,,,,,,,,,,,,,,,,
,,,,,,,,,,,,,,,,,,,,,,,,,,,,
,,,,,,,,,,,,,,,,,,,,,,,,,,,,
,,,,,,,,,,,,,,,,,,,,,,,,,,,,
,,,,,,,,,,,,,,,,,,,,,,,,,,,,
,,,,,,,,,,,,,,,,,,,,,,,,,,,,
,,,,,,,,,,,,,,,,,,,,,,,,,,,,
,,,,,,,,,,,,,,,,,,,,,,,,,,,,
,,,,,,,,,,,,,,,,,,,,,,,,,,,,
,,,,,,,,,,,,,,,,,,,,,,,,,,,,
,,,,,,,,,,,,,,,,,,,,,,,,,,,,
,,,,,,,,,,,,,,,,,,,,,,,,,,,,
,,,,,,,,,,,,,,,,,,,,,,,,,,,,
,,,,,,,,,,,,,,,,,,,,,,,,,,,,
,,,,,,,,,,,,,,,,,,,,,,,,,,,,
,,,,,,,,,,,,,,,,,,,,,,,,,,,,
,,,,,,,,,,,,,,,,,,,,,,,,,,,,
,,,,,,,,,,,,,,,,,,,,,,,,,,,,
,,,,,,,,,,,,,,,,,,,,,,,,,,,,
,,,,,,,,,,,,,,,,,,,,,,,,,,,,
,,,,,,,,,,,,,,,,,,,,,,,,,,,,
,,,,,,,,,,,,,,,,,,,,,,,,,,,,
,,,,,,,,,,,,,,,,,,,,,,,,,,,,
,,,,,,,,,,,,,,,,,,,,,,,,,,,,
,,,,,,,,,,,,,,,,,,,,,,,,,,,,
,,,,,,,,,,,,,,,,,,,,,,,,,,,,
,,,,,,,,,,,,,,,,,,,,,,,,,,,,
,,,,,,,,,,,,,,,,,,,,,,,,,,,,
,,,,,,,,,,,,,,,,,,,,,,,,,,,,
,,,,,,,,,,,,,,,,,,,,,,,,,,,,
,,,,,,,,,,,,,,,,,,,,,,,,,,,,
,,,,,,,,,,,,,,,,,,,,,,,,,,,,
,,,,,,,,,,,,,,,,,,,,,,,,,,,,
,,,,,,,,,,,,,,,,,,,,,,,,,,,,
,,,,,,,,,,,,,,,,,,,,,,,,,,,,
,,,,,,,,,,,,,,,,,,,,,,,,,,,,
,,,,,,,,,,,,,,,,,,,,,,,,,,,,
,,,,,,,,,,,,,,,,,,,,,,,,,,,,
,,,,,,,,,,,,,,,,,,,,,,,,,,,,
,,,,,,,,,,,,,,,,,,,,,,,,,,,,
,,,,,,,,,,,,,,,,,,,,,,,,,,,,
,,,,,,,,,,,,,,,,,,,,,,,,,,,,
,,,,,,,,,,,,,,,,,,,,,,,,,,,,
,,,,,,,,,,,,,,,,,,,,,,,,,,,,
,,,,,,,,,,,,,,,,,,,,,,,,,,,,
,,,,,,,,,,,,,,,,,,,,,,,,,,,,
,,,,,,,,,,,,,,,,,,,,,,,,,,,,
,,,,,,,,,,,,,,,,,,,,,,,,,,,,
,,,,,,,,,,,,,,,,,,,,,,,,,,,,
,,,,,,,,,,,,,,,,,,,,,,,,,,,,
,,,,,,,,,,,,,,,,,,,,,,,,,,,,
,,,,,,,,,,,,,,,,,,,,,,,,,,,,
,,,,,,,,,,,,,,,,,,,,,,,,,,,,
,,,,,,,,,,,,,,,,,,,,,,,,,,,,
,,,,,,,,,,,,,,,,,,,,,,,,,,,,
,,,,,,,,,,,,,,,,,,,,,,,,,,,,
,,,,,,,,,,,,,,,,,,,,,,,,,,,,
,,,,,,,,,,,,,,,,,,,,,,,,,,,,
,,,,,,,,,,,,,,,,,,,,,,,,,,,,
,,,,,,,,,,,,,,,,,,,,,,,,,,,,
,,,,,,,,,,,,,,,,,,,,,,,,,,,,
,,,,,,,,,,,,,,,,,,,,,,,,,,,,
,,,,,,,,,,,,,,,,,,,,,,,,,,,,
,,,,,,,,,,,,,,,,,,,,,,,,,,,,
,,,,,,,,,,,,,,,,,,,,,,,,,,,,
,,,,,,,,,,,,,,,,,,,,,,,,,,,,
,,,,,,,,,,,,,,,,,,,,,,,,,,,,
,,,,,,,,,,,,,,,,,,,,,,,,,,,,
,,,,,,,,,,,,,,,,,,,,,,,,,,,,
,,,,,,,,,,,,,,,,,,,,,,,,,,,,
,,,,,,,,,,,,,,,,,,,,,,,,,,,,
,,,,,,,,,,,,,,,,,,,,,,,,,,,,
,,,,,,,,,,,,,,,,,,,,,,,,,,,,
,,,,,,,,,,,,,,,,,,,,,,,,,,,,
,,,,,,,,,,,,,,,,,,,,,,,,,,,,
,,,,,,,,,,,,,,,,,,,,,,,,,,,,
,,,,,,,,,,,,,,,,,,,,,,,,,,,,
,,,,,,,,,,,,,,,,,,,,,,,,,,,,
,,,,,,,,,,,,,,,,,,,,,,,,,,,,
,,,,,,,,,,,,,,,,,,,,,,,,,,,,
,,,,,,,,,,,,,,,,,,,,,,,,,,,,
,,,,,,,,,,,,,,,,,,,,,,,,,,,,
,,,,,,,,,,,,,,,,,,,,,,,,,,,,
,,,,,,,,,,,,,,,,,,,,,,,,,,,,
,,,,,,,,,,,,,,,,,,,,,,,,,,,,
,,,,,,,,,,,,,,,,,,,,,,,,,,,,
,,,,,,,,,,,,,,,,,,,,,,,,,,,,
,,,,,,,,,,,,,,,,,,,,,,,,,,,,
,,,,,,,,,,,,,,,,,,,,,,,,,,,,
,,,,,,,,,,,,,,,,,,,,,,,,,,,,
,,,,,,,,,,,,,,,,,,,,,,,,,,,,
,,,,,,,,,,,,,,,,,,,,,,,,,,,,
,,,,,,,,,,,,,,,,,,,,,,,,,,,,
,,,,,,,,,,,,,,,,,,,,,,,,,,,,
,,,,,,,,,,,,,,,,,,,,,,,,,,,,
,,,,,,,,,,,,,,,,,,,,,,,,,,,,
,,,,,,,,,,,,,,,,,,,,,,,,,,,,
,,,,,,,,,,,,,,,,,,,,,,,,,,,,
,,,,,,,,,,,,,,,,,,,,,,,,,,,,
,,,,,,,,,,,,,,,,,,,,,,,,,,,,
,,,,,,,,,,,,,,,,,,,,,,,,,,,,
,,,,,,,,,,,,,,,,,,,,,,,,,,,,
,,,,,,,,,,,,,,,,,,,,,,,,,,,,
,,,,,,,,,,,,,,,,,,,,,,,,,,,,
,,,,,,,,,,,,,,,,,,,,,,,,,,,,
,,,,,,,,,,,,,,,,,,,,,,,,,,,,
,,,,,,,,,,,,,,,,,,,,,,,,,,,,
,,,,,,,,,,,,,,,,,,,,,,,,,,,,
,,,,,,,,,,,,,,,,,,,,,,,,,,,,
,,,,,,,,,,,,,,,,,,,,,,,,,,,,
,,,,,,,,,,,,,,,,,,,,,,,,,,,,
,,,,,,,,,,,,,,,,,,,,,,,,,,,,
,,,,,,,,,,,,,,,,,,,,,,,,,,,,
,,,,,,,,,,,,,,,,,,,,,,,,,,,,
,,,,,,,,,,,,,,,,,,,,,,,,,,,,
,,,,,,,,,,,,,,,,,,,,,,,,,,,,
,,,,,,,,,,,,,,,,,,,,,,,,,,,,
,,,,,,,,,,,,,,,,,,,,,,,,,,,,
,,,,,,,,,,,,,,,,,,,,,,,,,,,,
,,,,,,,,,,,,,,,,,,,,,,,,,,,,
,,,,,,,,,,,,,,,,,,,,,,,,,,,,
,,,,,,,,,,,,,,,,,,,,,,,,,,,,
,,,,,,,,,,,,,,,,,,,,,,,,,,,,
,,,,,,,,,,,,,,,,,,,,,,,,,,,,
,,,,,,,,,,,,,,,,,,,,,,,,,,,,
,,,,,,,,,,,,,,,,,,,,,,,,,,,,
,,,,,,,,,,,,,,,,,,,,,,,,,,,,
,,,,,,,,,,,,,,,,,,,,,,,,,,,,
,,,,,,,,,,,,,,,,,,,,,,,,,,,,
,,,,,,,,,,,,,,,,,,,,,,,,,,,,
,,,,,,,,,,,,,,,,,,,,,,,,,,,,
,,,,,,,,,,,,,,,,,,,,,,,,,,,,
,,,,,,,,,,,,,,,,,,,,,,,,,,,,
,,,,,,,,,,,,,,,,,,,,,,,,,,,,
,,,,,,,,,,,,,,,,,,,,,,,,,,,,
,,,,,,,,,,,,,,,,,,,,,,,,,,,,
,,,,,,,,,,,,,,,,,,,,,,,,,,,,
,,,,,,,,,,,,,,,,,,,,,,,,,,,,
,,,,,,,,,,,,,,,,,,,,,,,,,,,,
,,,,,,,,,,,,,,,,,,,,,,,,,,,,
,,,,,,,,,,,,,,,,,,,,,,,,,,,,
,,,,,,,,,,,,,,,,,,,,,,,,,,,,
,,,,,,,,,,,,,,,,,,,,,,,,,,,,
,,,,,,,,,,,,,,,,,,,,,,,,,,,,
,,,,,,,,,,,,,,,,,,,,,,,,,,,,
,,,,,,,,,,,,,,,,,,,,,,,,,,,,
,,,,,,,,,,,,,,,,,,,,,,,,,,,,
,,,,,,,,,,,,,,,,,,,,,,,,,,,,
,,,,,,,,,,,,,,,,,,,,,,,,,,,,
,,,,,,,,,,,,,,,,,,,,,,,,,,,,
,,,,,,,,,,,,,,,,,,,,,,,,,,,,
,,,,,,,,,,,,,,,,,,,,,,,,,,,,
,,,,,,,,,,,,,,,,,,,,,,,,,,,,
,,,,,,,,,,,,,,,,,,,,,,,,,,,,
,,,,,,,,,,,,,,,,,,,,,,,,,,,,
,,,,,,,,,,,,,,,,,,,,,,,,,,,,
,,,,,,,,,,,,,,,,,,,,,,,,,,,,
,,,,,,,,,,,,,,,,,,,,,,,,,,,,
,,,,,,,,,,,,,,,,,,,,,,,,,,,,
,,,,,,,,,,,,,,,,,,,,,,,,,,,,
,,,,,,,,,,,,,,,,,,,,,,,,,,,,
,,,,,,,,,,,,,,,,,,,,,,,,,,,,
,,,,,,,,,,,,,,,,,,,,,,,,,,,,
,,,,,,,,,,,,,,,,,,,,,,,,,,,,
,,,,,,,,,,,,,,,,,,,,,,,,,,,,
,,,,,,,,,,,,,,,,,,,,,,,,,,,,
,,,,,,,,,,,,,,,,,,,,,,,,,,,,
,,,,,,,,,,,,,,,,,,,,,,,,,,,,
,,,,,,,,,,,,,,,,,,,,,,,,,,,,
,,,,,,,,,,,,,,,,,,,,,,,,,,,,
,,,,,,,,,,,,,,,,,,,,,,,,,,,,
,,,,,,,,,,,,,,,,,,,,,,,,,,,,
,,,,,,,,,,,,,,,,,,,,,,,,,,,,
,,,,,,,,,,,,,,,,,,,,,,,,,,,,
,,,,,,,,,,,,,,,,,,,,,,,,,,,,
,,,,,,,,,,,,,,,,,,,,,,,,,,,,
,,,,,,,,,,,,,,,,,,,,,,,,,,,,
,,,,,,,,,,,,,,,,,,,,,,,,,,,,
,,,,,,,,,,,,,,,,,,,,,,,,,,,,
,,,,,,,,,,,,,,,,,,,,,,,,,,,,
,,,,,,,,,,,,,,,,,,,,,,,,,,,,
,,,,,,,,,,,,,,,,,,,,,,,,,,,,
,,,,,,,,,,,,,,,,,,,,,,,,,,,,
,,,,,,,,,,,,,,,,,,,,,,,,,,,,
,,,,,,,,,,,,,,,,,,,,,,,,,,,,
,,,,,,,,,,,,,,,,,,,,,,,,,,,,
,,,,,,,,,,,,,,,,,,,,,,,,,,,,
,,,,,,,,,,,,,,,,,,,,,,,,,,,,
,,,,,,,,,,,,,,,,,,,,,,,,,,,,
,,,,,,,,,,,,,,,,,,,,,,,,,,,,
,,,,,,,,,,,,,,,,,,,,,,,,,,,,
,,,,,,,,,,,,,,,,,,,,,,,,,,,,
,,,,,,,,,,,,,,,,,,,,,,,,,,,,
,,,,,,,,,,,,,,,,,,,,,,,,,,,,
,,,,,,,,,,,,,,,,,,,,,,,,,,,,
,,,,,,,,,,,,,,,,,,,,,,,,,,,,
,,,,,,,,,,,,,,,,,,,,,,,,,,,,
,,,,,,,,,,,,,,,,,,,,,,,,,,,,
,,,,,,,,,,,,,,,,,,,,,,,,,,,,
,,,,,,,,,,,,,,,,,,,,,,,,,,,,
,,,,,,,,,,,,,,,,,,,,,,,,,,,,
,,,,,,,,,,,,,,,,,,,,,,,,,,,,
,,,,,,,,,,,,,,,,,,,,,,,,,,,,
,,,,,,,,,,,,,,,,,,,,,,,,,,,,
,,,,,,,,,,,,,,,,,,,,,,,,,,,,
,,,,,,,,,,,,,,,,,,,,,,,,,,,,
,,,,,,,,,,,,,,,,,,,,,,,,,,,,
,,,,,,,,,,,,,,,,,,,,,,,,,,,,
,,,,,,,,,,,,,,,,,,,,,,,,,,,,
,,,,,,,,,,,,,,,,,,,,,,,,,,,,
,,,,,,,,,,,,,,,,,,,,,,,,,,,,
,,,,,,,,,,,,,,,,,,,,,,,,,,,,
,,,,,,,,,,,,,,,,,,,,,,,,,,,,
,,,,,,,,,,,,,,,,,,,,,,,,,,,,
,,,,,,,,,,,,,,,,,,,,,,,,,,,,
,,,,,,,,,,,,,,,,,,,,,,,,,,,,
,,,,,,,,,,,,,,,,,,,,,,,,,,,,
,,,,,,,,,,,,,,,,,,,,,,,,,,,,
,,,,,,,,,,,,,,,,,,,,,,,,,,,,
,,,,,,,,,,,,,,,,,,,,,,,,,,,,
,,,,,,,,,,,,,,,,,,,,,,,,,,,,
,,,,,,,,,,,,,,,,,,,,,,,,,,,,
,,,,,,,,,,,,,,,,,,,,,,,,,,,,
,,,,,,,,,,,,,,,,,,,,,,,,,,,,
,,,,,,,,,,,,,,,,,,,,,,,,,,,,
,,,,,,,,,,,,,,,,,,,,,,,,,,,,
,,,,,,,,,,,,,,,,,,,,,,,,,,,,
,,,,,,,,,,,,,,,,,,,,,,,,,,,,
,,,,,,,,,,,,,,,,,,,,,,,,,,,,
,,,,,,,,,,,,,,,,,,,,,,,,,,,,
,,,,,,,,,,,,,,,,,,,,,,,,,,,,
,,,,,,,,,,,,,,,,,,,,,,,,,,,,
,,,,,,,,,,,,,,,,,,,,,,,,,,,,
,,,,,,,,,,,,,,,,,,,,,,,,,,,,
,,,,,,,,,,,,,,,,,,,,,,,,,,,,
,,,,,,,,,,,,,,,,,,,,,,,,,,,,
,,,,,,,,,,,,,,,,,,,,,,,,,,,,
,,,,,,,,,,,,,,,,,,,,,,,,,,,,
,,,,,,,,,,,,,,,,,,,,,,,,,,,,
,,,,,,,,,,,,,,,,,,,,,,,,,,,,
,,,,,,,,,,,,,,,,,,,,,,,,,,,,
,,,,,,,,,,,,,,,,,,,,,,,,,,,,
,,,,,,,,,,,,,,,,,,,,,,,,,,,,
,,,,,,,,,,,,,,,,,,,,,,,,,,,,
,,,,,,,,,,,,,,,,,,,,,,,,,,,,
,,,,,,,,,,,,,,,,,,,,,,,,,,,,
,,,,,,,,,,,,,,,,,,,,,,,,,,,,
,,,,,,,,,,,,,,,,,,,,,,,,,,,,
,,,,,,,,,,,,,,,,,,,,,,,,,,,,
,,,,,,,,,,,,,,,,,,,,,,,,,,,,
,,,,,,,,,,,,,,,,,,,,,,,,,,,,
,,,,,,,,,,,,,,,,,,,,,,,,,,,,
,,,,,,,,,,,,,,,,,,,,,,,,,,,,
,,,,,,,,,,,,,,,,,,,,,,,,,,,,
,,,,,,,,,,,,,,,,,,,,,,,,,,,,
,,,,,,,,,,,,,,,,,,,,,,,,,,,,
,,,,,,,,,,,,,,,,,,,,,,,,,,,,
,,,,,,,,,,,,,,,,,,,,,,,,,,,,
,,,,,,,,,,,,,,,,,,,,,,,,,,,,
,,,,,,,,,,,,,,,,,,,,,,,,,,,,
,,,,,,,,,,,,,,,,,,,,,,,,,,,,
,,,,,,,,,,,,,,,,,,,,,,,,,,,,
,,,,,,,,,,,,,,,,,,,,,,,,,,,,
,,,,,,,,,,,,,,,,,,,,,,,,,,,,
,,,,,,,,,,,,,,,,,,,,,,,,,,,,
,,,,,,,,,,,,,,,,,,,,,,,,,,,,
,,,,,,,,,,,,,,,,,,,,,,,,,,,,
,,,,,,,,,,,,,,,,,,,,,,,,,,,,
,,,,,,,,,,,,,,,,,,,,,,,,,,,,
,,,,,,,,,,,,,,,,,,,,,,,,,,,,
,,,,,,,,,,,,,,,,,,,,,,,,,,,,
,,,,,,,,,,,,,,,,,,,,,,,,,,,,
,,,,,,,,,,,,,,,,,,,,,,,,,,,,
,,,,,,,,,,,,,,,,,,,,,,,,,,,,
,,,,,,,,,,,,,,,,,,,,,,,,,,,,
,,,,,,,,,,,,,,,,,,,,,,,,,,,,
,,,,,,,,,,,,,,,,,,,,,,,,,,,,
,,,,,,,,,,,,,,,,,,,,,,,,,,,,
,,,,,,,,,,,,,,,,,,,,,,,,,,,,
,,,,,,,,,,,,,,,,,,,,,,,,,,,,
,,,,,,,,,,,,,,,,,,,,,,,,,,,,
,,,,,,,,,,,,,,,,,,,,,,,,,,,,
,,,,,,,,,,,,,,,,,,,,,,,,,,,,
,,,,,,,,,,,,,,,,,,,,,,,,,,,,
,,,,,,,,,,,,,,,,,,,,,,,,,,,,
,,,,,,,,,,,,,,,,,,,,,,,,,,,,
,,,,,,,,,,,,,,,,,,,,,,,,,,,,
,,,,,,,,,,,,,,,,,,,,,,,,,,,,
,,,,,,,,,,,,,,,,,,,,,,,,,,,,
,,,,,,,,,,,,,,,,,,,,,,,,,,,,
,,,,,,,,,,,,,,,,,,,,,,,,,,,,
,,,,,,,,,,,,,,,,,,,,,,,,,,,,
,,,,,,,,,,,,,,,,,,,,,,,,,,,,
,,,,,,,,,,,,,,,,,,,,,,,,,,,,
,,,,,,,,,,,,,,,,,,,,,,,,,,,,
,,,,,,,,,,,,,,,,,,,,,,,,,,,,
,,,,,,,,,,,,,,,,,,,,,,,,,,,,
,,,,,,,,,,,,,,,,,,,,,,,,,,,,
,,,,,,,,,,,,,,,,,,,,,,,,,,,,
,,,,,,,,,,,,,,,,,,,,,,,,,,,,
,,,,,,,,,,,,,,,,,,,,,,,,,,,,
,,,,,,,,,,,,,,,,,,,,,,,,,,,,
,,,,,,,,,,,,,,,,,,,,,,,,,,,,
,,,,,,,,,,,,,,,,,,,,,,,,,,,,
,,,,,,,,,,,,,,,,,,,,,,,,,,,,
,,,,,,,,,,,,,,,,,,,,,,,,,,,,
,,,,,,,,,,,,,,,,,,,,,,,,,,,,
,,,,,,,,,,,,,,,,,,,,,,,,,,,,
,,,,,,,,,,,,,,,,,,,,,,,,,,,,
,,,,,,,,,,,,,,,,,,,,,,,,,,,,
,,,,,,,,,,,,,,,,,,,,,,,,,,,,
,,,,,,,,,,,,,,,,,,,,,,,,,,,,
,,,,,,,,,,,,,,,,,,,,,,,,,,,,
,,,,,,,,,,,,,,,,,,,,,,,,,,,,
,,,,,,,,,,,,,,,,,,,,,,,,,,,,
,,,,,,,,,,,,,,,,,,,,,,,,,,,,
,,,,,,,,,,,,,,,,,,,,,,,,,,,,
,,,,,,,,,,,,,,,,,,,,,,,,,,,,
,,,,,,,,,,,,,,,,,,,,,,,,,,,,
,,,,,,,,,,,,,,,,,,,,,,,,,,,,
,,,,,,,,,,,,,,,,,,,,,,,,,,,,
,,,,,,,,,,,,,,,,,,,,,,,,,,,,
,,,,,,,,,,,,,,,,,,,,,,,,,,,,
,,,,,,,,,,,,,,,,,,,,,,,,,,,,
,,,,,,,,,,,,,,,,,,,,,,,,,,,,
,,,,,,,,,,,,,,,,,,,,,,,,,,,,
,,,,,,,,,,,,,,,,,,,,,,,,,,,,
,,,,,,,,,,,,,,,,,,,,,,,,,,,,
,,,,,,,,,,,,,,,,,,,,,,,,,,,,
,,,,,,,,,,,,,,,,,,,,,,,,,,,,
,,,,,,,,,,,,,,,,,,,,,,,,,,,,
,,,,,,,,,,,,,,,,,,,,,,,,,,,,
,,,,,,,,,,,,,,,,,,,,,,,,,,,,
,,,,,,,,,,,,,,,,,,,,,,,,,,,,
,,,,,,,,,,,,,,,,,,,,,,,,,,,,
,,,,,,,,,,,,,,,,,,,,,,,,,,,,
,,,,,,,,,,,,,,,,,,,,,,,,,,,,
,,,,,,,,,,,,,,,,,,,,,,,,,,,,
,,,,,,,,,,,,,,,,,,,,,,,,,,,,
,,,,,,,,,,,,,,,,,,,,,,,,,,,,
,,,,,,,,,,,,,,,,,,,,,,,,,,,,
,,,,,,,,,,,,,,,,,,,,,,,,,,,,
,,,,,,,,,,,,,,,,,,,,,,,,,,,,
,,,,,,,,,,,,,,,,,,,,,,,,,,,,
,,,,,,,,,,,,,,,,,,,,,,,,,,,,
,,,,,,,,,,,,,,,,,,,,,,,,,,,,
,,,,,,,,,,,,,,,,,,,,,,,,,,,,
,,,,,,,,,,,,,,,,,,,,,,,,,,,,
,,,,,,,,,,,,,,,,,,,,,,,,,,,,
,,,,,,,,,,,,,,,,,,,,,,,,,,,,
,,,,,,,,,,,,,,,,,,,,,,,,,,,,
,,,,,,,,,,,,,,,,,,,,,,,,,,,,
,,,,,,,,,,,,,,,,,,,,,,,,,,,,
,,,,,,,,,,,,,,,,,,,,,,,,,,,,
,,,,,,,,,,,,,,,,,,,,,,,,,,,,
,,,,,,,,,,,,,,,,,,,,,,,,,,,,
,,,,,,,,,,,,,,,,,,,,,,,,,,,,
,,,,,,,,,,,,,,,,,,,,,,,,,,,,
,,,,,,,,,,,,,,,,,,,,,,,,,,,,
,,,,,,,,,,,,,,,,,,,,,,,,,,,,
,,,,,,,,,,,,,,,,,,,,,,,,,,,,
,,,,,,,,,,,,,,,,,,,,,,,,,,,,
,,,,,,,,,,,,,,,,,,,,,,,,,,,,
,,,,,,,,,,,,,,,,,,,,,,,,,,,,
,,,,,,,,,,,,,,,,,,,,,,,,,,,,
,,,,,,,,,,,,,,,,,,,,,,,,,,,,
,,,,,,,,,,,,,,,,,,,,,,,,,,,,
,,,,,,,,,,,,,,,,,,,,,,,,,,,,
,,,,,,,,,,,,,,,,,,,,,,,,,,,,
,,,,,,,,,,,,,,,,,,,,,,,,,,,,
,,,,,,,,,,,,,,,,,,,,,,,,,,,,
,,,,,,,,,,,,,,,,,,,,,,,,,,,,
,,,,,,,,,,,,,,,,,,,,,,,,,,,,
,,,,,,,,,,,,,,,,,,,,,,,,,,,,
,,,,,,,,,,,,,,,,,,,,,,,,,,,,
,,,,,,,,,,,,,,,,,,,,,,,,,,,,
,,,,,,,,,,,,,,,,,,,,,,,,,,,,
,,,,,,,,,,,,,,,,,,,,,,,,,,,,
,,,,,,,,,,,,,,,,,,,,,,,,,,,,
,,,,,,,,,,,,,,,,,,,,,,,,,,,,
,,,,,,,,,,,,,,,,,,,,,,,,,,,,
,,,,,,,,,,,,,,,,,,,,,,,,,,,,
,,,,,,,,,,,,,,,,,,,,,,,,,,,,
,,,,,,,,,,,,,,,,,,,,,,,,,,,,
,,,,,,,,,,,,,,,,,,,,,,,,,,,,
,,,,,,,,,,,,,,,,,,,,,,,,,,,,
,,,,,,,,,,,,,,,,,,,,,,,,,,,,
,,,,,,,,,,,,,,,,,,,,,,,,,,,,
,,,,,,,,,,,,,,,,,,,,,,,,,,,,
,,,,,,,,,,,,,,,,,,,,,,,,,,,,
,,,,,,,,,,,,,,,,,,,,,,,,,,,,
,,,,,,,,,,,,,,,,,,,,,,,,,,,,
,,,,,,,,,,,,,,,,,,,,,,,,,,,,
,,,,,,,,,,,,,,,,,,,,,,,,,,,,
,,,,,,,,,,,,,,,,,,,,,,,,,,,,
,,,,,,,,,,,,,,,,,,,,,,,,,,,,
,,,,,,,,,,,,,,,,,,,,,,,,,,,,
,,,,,,,,,,,,,,,,,,,,,,,,,,,,
,,,,,,,,,,,,,,,,,,,,,,,,,,,,
,,,,,,,,,,,,,,,,,,,,,,,,,,,,
,,,,,,,,,,,,,,,,,,,,,,,,,,,,
,,,,,,,,,,,,,,,,,,,,,,,,,,,,
,,,,,,,,,,,,,,,,,,,,,,,,,,,,
,,,,,,,,,,,,,,,,,,,,,,,,,,,,
,,,,,,,,,,,,,,,,,,,,,,,,,,,,
,,,,,,,,,,,,,,,,,,,,,,,,,,,,
,,,,,,,,,,,,,,,,,,,,,,,,,,,,
,,,,,,,,,,,,,,,,,,,,,,,,,,,,
,,,,,,,,,,,,,,,,,,,,,,,,,,,,
,,,,,,,,,,,,,,,,,,,,,,,,,,,,
,,,,,,,,,,,,,,,,,,,,,,,,,,,,
,,,,,,,,,,,,,,,,,,,,,,,,,,,,
,,,,,,,,,,,,,,,,,,,,,,,,,,,,
,,,,,,,,,,,,,,,,,,,,,,,,,,,,
,,,,,,,,,,,,,,,,,,,,,,,,,,,,
,,,,,,,,,,,,,,,,,,,,,,,,,,,,
,,,,,,,,,,,,,,,,,,,,,,,,,,,,
,,,,,,,,,,,,,,,,,,,,,,,,,,,,
,,,,,,,,,,,,,,,,,,,,,,,,,,,,
,,,,,,,,,,,,,,,,,,,,,,,,,,,,
,,,,,,,,,,,,,,,,,,,,,,,,,,,,
,,,,,,,,,,,,,,,,,,,,,,,,,,,,
,,,,,,,,,,,,,,,,,,,,,,,,,,,,
,,,,,,,,,,,,,,,,,,,,,,,,,,,,
,,,,,,,,,,,,,,,,,,,,,,,,,,,,
,,,,,,,,,,,,,,,,,,,,,,,,,,,,
,,,,,,,,,,,,,,,,,,,,,,,,,,,,
,,,,,,,,,,,,,,,,,,,,,,,,,,,,
,,,,,,,,,,,,,,,,,,,,,,,,,,,,
,,,,,,,,,,,,,,,,,,,,,,,,,,,,
,,,,,,,,,,,,,,,,,,,,,,,,,,,,
,,,,,,,,,,,,,,,,,,,,,,,,,,,,
,,,,,,,,,,,,,,,,,,,,,,,,,,,,
,,,,,,,,,,,,,,,,,,,,,,,,,,,,
,,,,,,,,,,,,,,,,,,,,,,,,,,,,
,,,,,,,,,,,,,,,,,,,,,,,,,,,,
,,,,,,,,,,,,,,,,,,,,,,,,,,,,
,,,,,,,,,,,,,,,,,,,,,,,,,,,,
,,,,,,,,,,,,,,,,,,,,,,,,,,,,
,,,,,,,,,,,,,,,,,,,,,,,,,,,,
,,,,,,,,,,,,,,,,,,,,,,,,,,,,
,,,,,,,,,,,,,,,,,,,,,,,,,,,,
,,,,,,,,,,,,,,,,,,,,,,,,,,,,
,,,,,,,,,,,,,,,,,,,,,,,,,,,,
,,,,,,,,,,,,,,,,,,,,,,,,,,,,
,,,,,,,,,,,,,,,,,,,,,,,,,,,,
,,,,,,,,,,,,,,,,,,,,,,,,,,,,
,,,,,,,,,,,,,,,,,,,,,,,,,,,,
,,,,,,,,,,,,,,,,,,,,,,,,,,,,
,,,,,,,,,,,,,,,,,,,,,,,,,,,,
,,,,,,,,,,,,,,,,,,,,,,,,,,,,
,,,,,,,,,,,,,,,,,,,,,,,,,,,,
,,,,,,,,,,,,,,,,,,,,,,,,,,,,
,,,,,,,,,,,,,,,,,,,,,,,,,,,,
,,,,,,,,,,,,,,,,,,,,,,,,,,,,
,,,,,,,,,,,,,,,,,,,,,,,,,,,,
,,,,,,,,,,,,,,,,,,,,,,,,,,,,
,,,,,,,,,,,,,,,,,,,,,,,,,,,,
,,,,,,,,,,,,,,,,,,,,,,,,,,,,
,,,,,,,,,,,,,,,,,,,,,,,,,,,,
,,,,,,,,,,,,,,,,,,,,,,,,,,,,
,,,,,,,,,,,,,,,,,,,,,,,,,,,,
,,,,,,,,,,,,,,,,,,,,,,,,,,,,
,,,,,,,,,,,,,,,,,,,,,,,,,,,,
,,,,,,,,,,,,,,,,,,,,,,,,,,,,
,,,,,,,,,,,,,,,,,,,,,,,,,,,,
,,,,,,,,,,,,,,,,,,,,,,,,,,,,
,,,,,,,,,,,,,,,,,,,,,,,,,,,,
,,,,,,,,,,,,,,,,,,,,,,,,,,,,
,,,,,,,,,,,,,,,,,,,,,,,,,,,,
,,,,,,,,,,,,,,,,,,,,,,,,,,,,
,,,,,,,,,,,,,,,,,,,,,,,,,,,,
,,,,,,,,,,,,,,,,,,,,,,,,,,,,
,,,,,,,,,,,,,,,,,,,,,,,,,,,,
,,,,,,,,,,,,,,,,,,,,,,,,,,,,
,,,,,,,,,,,,,,,,,,,,,,,,,,,,
,,,,,,,,,,,,,,,,,,,,,,,,,,,,
,,,,,,,,,,,,,,,,,,,,,,,,,,,,
,,,,,,,,,,,,,,,,,,,,,,,,,,,,
,,,,,,,,,,,,,,,,,,,,,,,,,,,,
,,,,,,,,,,,,,,,,,,,,,,,,,,,,
,,,,,,,,,,,,,,,,,,,,,,,,,,,,
,,,,,,,,,,,,,,,,,,,,,,,,,,,,
,,,,,,,,,,,,,,,,,,,,,,,,,,,,
,,,,,,,,,,,,,,,,,,,,,,,,,,,,
,,,,,,,,,,,,,,,,,,,,,,,,,,,,
,,,,,,,,,,,,,,,,,,,,,,,,,,,,
,,,,,,,,,,,,,,,,,,,,,,,,,,,,
,,,,,,,,,,,,,,,,,,,,,,,,,,,,
,,,,,,,,,,,,,,,,,,,,,,,,,,,,
,,,,,,,,,,,,,,,,,,,,,,,,,,,,
,,,,,,,,,,,,,,,,,,,,,,,,,,,,
,,,,,,,,,,,,,,,,,,,,,,,,,,,,
,,,,,,,,,,,,,,,,,,,,,,,,,,,,
,,,,,,,,,,,,,,,,,,,,,,,,,,,,
,,,,,,,,,,,,,,,,,,,,,,,,,,,,
,,,,,,,,,,,,,,,,,,,,,,,,,,,,
,,,,,,,,,,,,,,,,,,,,,,,,,,,,
,,,,,,,,,,,,,,,,,,,,,,,,,,,,
,,,,,,,,,,,,,,,,,,,,,,,,,,,,
,,,,,,,,,,,,,,,,,,,,,,,,,,,,
,,,,,,,,,,,,,,,,,,,,,,,,,,,,
,,,,,,,,,,,,,,,,,,,,,,,,,,,,
,,,,,,,,,,,,,,,,,,,,,,,,,,,,
,,,,,,,,,,,,,,,,,,,,,,,,,,,,
,,,,,,,,,,,,,,,,,,,,,,,,,,,,
,,,,,,,,,,,,,,,,,,,,,,,,,,,,
,,,,,,,,,,,,,,,,,,,,,,,,,,,,
,,,,,,,,,,,,,,,,,,,,,,,,,,,,
,,,,,,,,,,,,,,,,,,,,,,,,,,,,
,,,,,,,,,,,,,,,,,,,,,,,,,,,,
,,,,,,,,,,,,,,,,,,,,,,,,,,,,
,,,,,,,,,,,,,,,,,,,,,,,,,,,,
,,,,,,,,,,,,,,,,,,,,,,,,,,,,
,,,,,,,,,,,,,,,,,,,,,,,,,,,,
,,,,,,,,,,,,,,,,,,,,,,,,,,,,
,,,,,,,,,,,,,,,,,,,,,,,,,,,,
,,,,,,,,,,,,,,,,,,,,,,,,,,,,
,,,,,,,,,,,,,,,,,,,,,,,,,,,,
,,,,,,,,,,,,,,,,,,,,,,,,,,,,
,,,,,,,,,,,,,,,,,,,,,,,,,,,,
,,,,,,,,,,,,,,,,,,,,,,,,,,,,
,,,,,,,,,,,,,,,,,,,,,,,,,,,,
,,,,,,,,,,,,,,,,,,,,,,,,,,,,
,,,,,,,,,,,,,,,,,,,,,,,,,,,,
,,,,,,,,,,,,,,,,,,,,,,,,,,,,
,,,,,,,,,,,,,,,,,,,,,,,,,,,,
,,,,,,,,,,,,,,,,,,,,,,,,,,,,
,,,,,,,,,,,,,,,,,,,,,,,,,,,,
,,,,,,,,,,,,,,,,,,,,,,,,,,,,
,,,,,,,,,,,,,,,,,,,,,,,,,,,,
,,,,,,,,,,,,,,,,,,,,,,,,,,,,
,,,,,,,,,,,,,,,,,,,,,,,,,,,,
,,,,,,,,,,,,,,,,,,,,,,,,,,,,
,,,,,,,,,,,,,,,,,,,,,,,,,,,,
,,,,,,,,,,,,,,,,,,,,,,,,,,,,
,,,,,,,,,,,,,,,,,,,,,,,,,,,,
,,,,,,,,,,,,,,,,,,,,,,,,,,,,
,,,,,,,,,,,,,,,,,,,,,,,,,,,,
,,,,,,,,,,,,,,,,,,,,,,,,,,,,
,,,,,,,,,,,,,,,,,,,,,,,,,,,,
,,,,,,,,,,,,,,,,,,,,,,,,,,,,
,,,,,,,,,,,,,,,,,,,,,,,,,,,,
,,,,,,,,,,,,,,,,,,,,,,,,,,,,
,,,,,,,,,,,,,,,,,,,,,,,,,,,,
,,,,,,,,,,,,,,,,,,,,,,,,,,,,
,,,,,,,,,,,,,,,,,,,,,,,,,,,,
,,,,,,,,,,,,,,,,,,,,,,,,,,,,
,,,,,,,,,,,,,,,,,,,,,,,,,,,,
,,,,,,,,,,,,,,,,,,,,,,,,,,,,
,,,,,,,,,,,,,,,,,,,,,,,,,,,,
,,,,,,,,,,,,,,,,,,,,,,,,,,,,
,,,,,,,,,,,,,,,,,,,,,,,,,,,,
,,,,,,,,,,,,,,,,,,,,,,,,,,,,
,,,,,,,,,,,,,,,,,,,,,,,,,,,,
,,,,,,,,,,,,,,,,,,,,,,,,,,,,
,,,,,,,,,,,,,,,,,,,,,,,,,,,,
,,,,,,,,,,,,,,,,,,,,,,,,,,,,
,,,,,,,,,,,,,,,,,,,,,,,,,,,,
,,,,,,,,,,,,,,,,,,,,,,,,,,,,
,,,,,,,,,,,,,,,,,,,,,,,,,,,,
,,,,,,,,,,,,,,,,,,,,,,,,,,,,
,,,,,,,,,,,,,,,,,,,,,,,,,,,,
,,,,,,,,,,,,,,,,,,,,,,,,,,,,
,,,,,,,,,,,,,,,,,,,,,,,,,,,,
,,,,,,,,,,,,,,,,,,,,,,,,,,,,
,,,,,,,,,,,,,,,,,,,,,,,,,,,,
,,,,,,,,,,,,,,,,,,,,,,,,,,,,
,,,,,,,,,,,,,,,,,,,,,,,,,,,,
,,,,,,,,,,,,,,,,,,,,,,,,,,,,
,,,,,,,,,,,,,,,,,,,,,,,,,,,,
,,,,,,,,,,,,,,,,,,,,,,,,,,,,
,,,,,,,,,,,,,,,,,,,,,,,,,,,,
,,,,,,,,,,,,,,,,,,,,,,,,,,,,
,,,,,,,,,,,,,,,,,,,,,,,,,,,,
,,,,,,,,,,,,,,,,,,,,,,,,,,,,
,,,,,,,,,,,,,,,,,,,,,,,,,,,,
,,,,,,,,,,,,,,,,,,,,,,,,,,,,
,,,,,,,,,,,,,,,,,,,,,,,,,,,,
,,,,,,,,,,,,,,,,,,,,,,,,,,,,
,,,,,,,,,,,,,,,,,,,,,,,,,,,,
,,,,,,,,,,,,,,,,,,,,,,,,,,,,
,,,,,,,,,,,,,,,,,,,,,,,,,,,,
,,,,,,,,,,,,,,,,,,,,,,,,,,,,
,,,,,,,,,,,,,,,,,,,,,,,,,,,,
,,,,,,,,,,,,,,,,,,,,,,,,,,,,
,,,,,,,,,,,,,,,,,,,,,,,,,,,,
,,,,,,,,,,,,,,,,,,,,,,,,,,,,
,,,,,,,,,,,,,,,,,,,,,,,,,,,,
,,,,,,,,,,,,,,,,,,,,,,,,,,,,
,,,,,,,,,,,,,,,,,,,,,,,,,,,,
,,,,,,,,,,,,,,,,,,,,,,,,,,,,
,,,,,,,,,,,,,,,,,,,,,,,,,,,,
,,,,,,,,,,,,,,,,,,,,,,,,,,,,
,,,,,,,,,,,,,,,,,,,,,,,,,,,,
,,,,,,,,,,,,,,,,,,,,,,,,,,,,
,,,,,,,,,,,,,,,,,,,,,,,,,,,,
,,,,,,,,,,,,,,,,,,,,,,,,,,,,
,,,,,,,,,,,,,,,,,,,,,,,,,,,,
,,,,,,,,,,,,,,,,,,,,,,,,,,,,
,,,,,,,,,,,,,,,,,,,,,,,,,,,,
,,,,,,,,,,,,,,,,,,,,,,,,,,,,
,,,,,,,,,,,,,,,,,,,,,,,,,,,,
,,,,,,,,,,,,,,,,,,,,,,,,,,,,
,,,,,,,,,,,,,,,,,,,,,,,,,,,,
,,,,,,,,,,,,,,,,,,,,,,,,,,,,
,,,,,,,,,,,,,,,,,,,,,,,,,,,,
,,,,,,,,,,,,,,,,,,,,,,,,,,,,
,,,,,,,,,,,,,,,,,,,,,,,,,,,,
,,,,,,,,,,,,,,,,,,,,,,,,,,,,
,,,,,,,,,,,,,,,,,,,,,,,,,,,,
,,,,,,,,,,,,,,,,,,,,,,,,,,,,
,,,,,,,,,,,,,,,,,,,,,,,,,,,,
,,,,,,,,,,,,,,,,,,,,,,,,,,,,
,,,,,,,,,,,,,,,,,,,,,,,,,,,,
,,,,,,,,,,,,,,,,,,,,,,,,,,,,
,,,,,,,,,,,,,,,,,,,,,,,,,,,,
,,,,,,,,,,,,,,,,,,,,,,,,,,,,
,,,,,,,,,,,,,,,,,,,,,,,,,,,,
,,,,,,,,,,,,,,,,,,,,,,,,,,,,
,,,,,,,,,,,,,,,,,,,,,,,,,,,,
,,,,,,,,,,,,,,,,,,,,,,,,,,,,
,,,,,,,,,,,,,,,,,,,,,,,,,,,,
,,,,,,,,,,,,,,,,,,,,,,,,,,,,
,,,,,,,,,,,,,,,,,,,,,,,,,,,,
,,,,,,,,,,,,,,,,,,,,,,,,,,,,
,,,,,,,,,,,,,,,,,,,,,,,,,,,,
,,,,,,,,,,,,,,,,,,,,,,,,,,,,
,,,,,,,,,,,,,,,,,,,,,,,,,,,,
,,,,,,,,,,,,,,,,,,,,,,,,,,,,
,,,,,,,,,,,,,,,,,,,,,,,,,,,,
,,,,,,,,,,,,,,,,,,,,,,,,,,,,
,,,,,,,,,,,,,,,,,,,,,,,,,,,,
,,,,,,,,,,,,,,,,,,,,,,,,,,,,
,,,,,,,,,,,,,,,,,,,,,,,,,,,,
,,,,,,,,,,,,,,,,,,,,,,,,,,,,
,,,,,,,,,,,,,,,,,,,,,,,,,,,,
,,,,,,,,,,,,,,,,,,,,,,,,,,,,
,,,,,,,,,,,,,,,,,,,,,,,,,,,,
,,,,,,,,,,,,,,,,,,,,,,,,,,,,
,,,,,,,,,,,,,,,,,,,,,,,,,,,,
,,,,,,,,,,,,,,,,,,,,,,,,,,,,
,,,,,,,,,,,,,,,,,,,,,,,,,,,,
,,,,,,,,,,,,,,,,,,,,,,,,,,,,
,,,,,,,,,,,,,,,,,,,,,,,,,,,,
,,,,,,,,,,,,,,,,,,,,,,,,,,,,
,,,,,,,,,,,,,,,,,,,,,,,,,,,,
,,,,,,,,,,,,,,,,,,,,,,,,,,,,
,,,,,,,,,,,,,,,,,,,,,,,,,,,,
,,,,,,,,,,,,,,,,,,,,,,,,,,,,
,,,,,,,,,,,,,,,,,,,,,,,,,,,,
,,,,,,,,,,,,,,,,,,,,,,,,,,,,
,,,,,,,,,,,,,,,,,,,,,,,,,,,,
,,,,,,,,,,,,,,,,,,,,,,,,,,,,
,,,,,,,,,,,,,,,,,,,,,,,,,,,,
,,,,,,,,,,,,,,,,,,,,,,,,,,,,
,,,,,,,,,,,,,,,,,,,,,,,,,,,,
,,,,,,,,,,,,,,,,,,,,,,,,,,,,
,,,,,,,,,,,,,,,,,,,,,,,,,,,,
,,,,,,,,,,,,,,,,,,,,,,,,,,,,
,,,,,,,,,,,,,,,,,,,,,,,,,,,,
,,,,,,,,,,,,,,,,,,,,,,,,,,,,
,,,,,,,,,,,,,,,,,,,,,,,,,,,,
,,,,,,,,,,,,,,,,,,,,,,,,,,,,
,,,,,,,,,,,,,,,,,,,,,,,,,,,,
,,,,,,,,,,,,,,,,,,,,,,,,,,,,
,,,,,,,,,,,,,,,,,,,,,,,,,,,,
,,,,,,,,,,,,,,,,,,,,,,,,,,,,
,,,,,,,,,,,,,,,,,,,,,,,,,,,,
,,,,,,,,,,,,,,,,,,,,,,,,,,,,
,,,,,,,,,,,,,,,,,,,,,,,,,,,,
,,,,,,,,,,,,,,,,,,,,,,,,,,,,
,,,,,,,,,,,,,,,,,,,,,,,,,,,,
,,,,,,,,,,,,,,,,,,,,,,,,,,,,
,,,,,,,,,,,,,,,,,,,,,,,,,,,,
,,,,,,,,,,,,,,,,,,,,,,,,,,,,
,,,,,,,,,,,,,,,,,,,,,,,,,,,,
,,,,,,,,,,,,,,,,,,,,,,,,,,,,
,,,,,,,,,,,,,,,,,,,,,,,,,,,,
,,,,,,,,,,,,,,,,,,,,,,,,,,,,
,,,,,,,,,,,,,,,,,,,,,,,,,,,,
,,,,,,,,,,,,,,,,,,,,,,,,,,,,
,,,,,,,,,,,,,,,,,,,,,,,,,,,,
,,,,,,,,,,,,,,,,,,,,,,,,,,,,
,,,,,,,,,,,,,,,,,,,,,,,,,,,,
,,,,,,,,,,,,,,,,,,,,,,,,,,,,
,,,,,,,,,,,,,,,,,,,,,,,,,,,,
,,,,,,,,,,,,,,,,,,,,,,,,,,,,
,,,,,,,,,,,,,,,,,,,,,,,,,,,,
,,,,,,,,,,,,,,,,,,,,,,,,,,,,
,,,,,,,,,,,,,,,,,,,,,,,,,,,,
,,,,,,,,,,,,,,,,,,,,,,,,,,,,
,,,,,,,,,,,,,,,,,,,,,,,,,,,,
,,,,,,,,,,,,,,,,,,,,,,,,,,,,
,,,,,,,,,,,,,,,,,,,,,,,,,,,,
,,,,,,,,,,,,,,,,,,,,,,,,,,,,
,,,,,,,,,,,,,,,,,,,,,,,,,,,,
,,,,,,,,,,,,,,,,,,,,,,,,,,,,
,,,,,,,,,,,,,,,,,,,,,,,,,,,,
,,,,,,,,,,,,,,,,,,,,,,,,,,,,
,,,,,,,,,,,,,,,,,,,,,,,,,,,,
,,,,,,,,,,,,,,,,,,,,,,,,,,,,
,,,,,,,,,,,,,,,,,,,,,,,,,,,,
,,,,,,,,,,,,,,,,,,,,,,,,,,,,
,,,,,,,,,,,,,,,,,,,,,,,,,,,,
,,,,,,,,,,,,,,,,,,,,,,,,,,,,
,,,,,,,,,,,,,,,,,,,,,,,,,,,,
,,,,,,,,,,,,,,,,,,,,,,,,,,,,
,,,,,,,,,,,,,,,,,,,,,,,,,,,,
,,,,,,,,,,,,,,,,,,,,,,,,,,,,
,,,,,,,,,,,,,,,,,,,,,,,,,,,,
,,,,,,,,,,,,,,,,,,,,,,,,,,,,
,,,,,,,,,,,,,,,,,,,,,,,,,,,,
,,,,,,,,,,,,,,,,,,,,,,,,,,,,
,,,,,,,,,,,,,,,,,,,,,,,,,,,,
,,,,,,,,,,,,,,,,,,,,,,,,,,,,
,,,,,,,,,,,,,,,,,,,,,,,,,,,,
,,,,,,,,,,,,,,,,,,,,,,,,,,,,
,,,,,,,,,,,,,,,,,,,,,,,,,,,,
,,,,,,,,,,,,,,,,,,,,,,,,,,,,
,,,,,,,,,,,,,,,,,,,,,,,,,,,,
,,,,,,,,,,,,,,,,,,,,,,,,,,,,
,,,,,,,,,,,,,,,,,,,,,,,,,,,,
,,,,,,,,,,,,,,,,,,,,,,,,,,,,
,,,,,,,,,,,,,,,,,,,,,,,,,,,,
,,,,,,,,,,,,,,,,,,,,,,,,,,,,
,,,,,,,,,,,,,,,,,,,,,,,,,,,,
,,,,,,,,,,,,,,,,,,,,,,,,,,,,
,,,,,,,,,,,,,,,,,,,,,,,,,,,,
,,,,,,,,,,,,,,,,,,,,,,,,,,,,
,,,,,,,,,,,,,,,,,,,,,,,,,,,,
,,,,,,,,,,,,,,,,,,,,,,,,,,,,
,,,,,,,,,,,,,,,,,,,,,,,,,,,,
,,,,,,,,,,,,,,,,,,,,,,,,,,,,
,,,,,,,,,,,,,,,,,,,,,,,,,,,,
,,,,,,,,,,,,,,,,,,,,,,,,,,,,
,,,,,,,,,,,,,,,,,,,,,,,,,,,,
,,,,,,,,,,,,,,,,,,,,,,,,,,,,
,,,,,,,,,,,,,,,,,,,,,,,,,,,,
,,,,,,,,,,,,,,,,,,,,,,,,,,,,
,,,,,,,,,,,,,,,,,,,,,,,,,,,,
,,,,,,,,,,,,,,,,,,,,,,,,,,,,
,,,,,,,,,,,,,,,,,,,,,,,,,,,,
,,,,,,,,,,,,,,,,,,,,,,,,,,,,
,,,,,,,,,,,,,,,,,,,,,,,,,,,,
,,,,,,,,,,,,,,,,,,,,,,,,,,,,
,,,,,,,,,,,,,,,,,,,,,,,,,,,,
,,,,,,,,,,,,,,,,,,,,,,,,,,,,
,,,,,,,,,,,,,,,,,,,,,,,,,,,,
,,,,,,,,,,,,,,,,,,,,,,,,,,,,
,,,,,,,,,,,,,,,,,,,,,,,,,,,,
,,,,,,,,,,,,,,,,,,,,,,,,,,,,
,,,,,,,,,,,,,,,,,,,,,,,,,,,,
,,,,,,,,,,,,,,,,,,,,,,,,,,,,
,,,,,,,,,,,,,,,,,,,,,,,,,,,,
,,,,,,,,,,,,,,,,,,,,,,,,,,,,
,,,,,,,,,,,,,,,,,,,,,,,,,,,,
,,,,,,,,,,,,,,,,,,,,,,,,,,,,
,,,,,,,,,,,,,,,,,,,,,,,,,,,,
,,,,,,,,,,,,,,,,,,,,,,,,,,,,
,,,,,,,,,,,,,,,,,,,,,,,,,,,,
,,,,,,,,,,,,,,,,,,,,,,,,,,,,
,,,,,,,,,,,,,,,,,,,,,,,,,,,,
,,,,,,,,,,,,,,,,,,,,,,,,,,,,
,,,,,,,,,,,,,,,,,,,,,,,,,,,,
,,,,,,,,,,,,,,,,,,,,,,,,,,,,
,,,,,,,,,,,,,,,,,,,,,,,,,,,,
,,,,,,,,,,,,,,,,,,,,,,,,,,,,
,,,,,,,,,,,,,,,,,,,,,,,,,,,,
,,,,,,,,,,,,,,,,,,,,,,,,,,,,
,,,,,,,,,,,,,,,,,,,,,,,,,,,,
,,,,,,,,,,,,,,,,,,,,,,,,,,,,
,,,,,,,,,,,,,,,,,,,,,,,,,,,,
,,,,,,,,,,,,,,,,,,,,,,,,,,,,
,,,,,,,,,,,,,,,,,,,,,,,,,,,,
,,,,,,,,,,,,,,,,,,,,,,,,,,,,
,,,,,,,,,,,,,,,,,,,,,,,,,,,,
,,,,,,,,,,,,,,,,,,,,,,,,,,,,
,,,,,,,,,,,,,,,,,,,,,,,,,,,,
,,,,,,,,,,,,,,,,,,,,,,,,,,,,
,,,,,,,,,,,,,,,,,,,,,,,,,,,,
